-- phpMyAdmin SQL Dump
-- version 4.8.5
-- https://www.phpmyadmin.net/
--
-- Host: 127.0.0.1
-- Generation Time: Nov 17, 2020 at 09:00 AM
-- Server version: 10.1.38-MariaDB
-- PHP Version: 7.3.2

SET SQL_MODE = "NO_AUTO_VALUE_ON_ZERO";
SET AUTOCOMMIT = 0;
START TRANSACTION;
SET time_zone = "+00:00";


/*!40101 SET @OLD_CHARACTER_SET_CLIENT=@@CHARACTER_SET_CLIENT */;
/*!40101 SET @OLD_CHARACTER_SET_RESULTS=@@CHARACTER_SET_RESULTS */;
/*!40101 SET @OLD_COLLATION_CONNECTION=@@COLLATION_CONNECTION */;
/*!40101 SET NAMES utf8mb4 */;

--
-- Database: `emdadit_db`
--

-- --------------------------------------------------------

--
-- Table structure for table `activity`
--

CREATE TABLE `activity` (
  `id` int(11) NOT NULL,
  `users_id` int(11) NOT NULL,
  `request_id` int(11) NOT NULL,
  `status` varchar(50) NOT NULL,
  `CREATED_AT` timestamp NOT NULL DEFAULT CURRENT_TIMESTAMP,
  `UPDATED_AT` timestamp NOT NULL DEFAULT '0000-00-00 00:00:00'
) ENGINE=InnoDB DEFAULT CHARSET=utf8;

--
-- Dumping data for table `activity`
--

INSERT INTO `activity` (`id`, `users_id`, `request_id`, `status`, `CREATED_AT`, `UPDATED_AT`) VALUES
(8, 24, 118, 'pending', '2019-03-15 08:18:28', '2019-03-15 08:18:28'),
(9, 24, 119, 'pending', '2019-03-15 12:51:40', '2019-03-15 12:51:40'),
(10, 24, 120, 'pending', '2019-03-16 16:24:01', '2019-03-16 16:24:01');

-- --------------------------------------------------------

--
-- Table structure for table `admins`
--

CREATE TABLE `admins` (
  `id` int(11) NOT NULL,
  `name` varchar(100) COLLATE utf8_persian_ci DEFAULT NULL,
  `lastname` varchar(100) COLLATE utf8_persian_ci DEFAULT NULL,
  `email` varchar(200) COLLATE utf8_persian_ci NOT NULL,
  `username` varchar(255) COLLATE utf8_persian_ci NOT NULL,
  `mobile` varchar(15) COLLATE utf8_persian_ci DEFAULT NULL,
  `address` text COLLATE utf8_persian_ci,
  `password` varchar(200) COLLATE utf8_persian_ci NOT NULL,
  `remember_token` varchar(255) COLLATE utf8_persian_ci DEFAULT NULL,
  `pic` varchar(100) COLLATE utf8_persian_ci NOT NULL DEFAULT 'def.png',
  `created_at` timestamp NOT NULL DEFAULT CURRENT_TIMESTAMP,
  `updated_at` timestamp NULL DEFAULT NULL
) ENGINE=InnoDB DEFAULT CHARSET=utf8 COLLATE=utf8_persian_ci;

--
-- Dumping data for table `admins`
--

INSERT INTO `admins` (`id`, `name`, `lastname`, `email`, `username`, `mobile`, `address`, `password`, `remember_token`, `pic`, `created_at`, `updated_at`) VALUES
(1, 'محمد', 'قهرمان تبریزی', 'm@gmail.com', 'mohammadght', '09120924699', 'پاشاز سبلان', '$2y$10$i0K5hJBY769Eiglz4KAW..9el6kj6RuzEzANgZc64Yj1ghPQUd2z.', NULL, 'defadminmenpicture.png', '2019-03-01 16:39:20', '2019-05-27 08:11:29');

-- --------------------------------------------------------

--
-- Table structure for table `blog_category`
--

CREATE TABLE `blog_category` (
  `id` int(11) NOT NULL,
  `BC_NAME` varchar(255) NOT NULL,
  `BC_SUBCATEGORYID` int(11) NOT NULL,
  `BC_DISPLAYSTATUS` int(1) NOT NULL DEFAULT '0',
  `CREATED_AT` timestamp NOT NULL DEFAULT CURRENT_TIMESTAMP ON UPDATE CURRENT_TIMESTAMP,
  `UPDATED_AT` timestamp NOT NULL DEFAULT '0000-00-00 00:00:00'
) ENGINE=InnoDB DEFAULT CHARSET=utf8;

--
-- Dumping data for table `blog_category`
--

INSERT INTO `blog_category` (`id`, `BC_NAME`, `BC_SUBCATEGORYID`, `BC_DISPLAYSTATUS`, `CREATED_AT`, `UPDATED_AT`) VALUES
(1, 'ماشین های اداری', 0, 0, '2019-03-25 09:37:25', '0000-00-00 00:00:00'),
(3, 'کامپیوتر', 0, 0, '2019-03-25 09:37:54', '0000-00-00 00:00:00'),
(4, 'لپ تاپ', 0, 0, '2019-03-25 09:38:03', '0000-00-00 00:00:00'),
(5, 'موبایل', 0, 2, '2019-06-09 19:23:41', '2019-06-09 19:23:41'),
(6, 'شبکه', 0, 2, '2019-06-09 19:23:36', '2019-06-09 19:23:36');

-- --------------------------------------------------------

--
-- Table structure for table `blog_comment`
--

CREATE TABLE `blog_comment` (
  `idcomment` int(11) NOT NULL,
  `BC_COMMENT` varchar(255) COLLATE utf8_persian_ci NOT NULL,
  `BC_ANSWERCOMMENTID` int(11) NOT NULL DEFAULT '0',
  `BC_USERID` int(11) NOT NULL,
  `BC_POSTID` int(11) NOT NULL,
  `CREATED_AT` timestamp NOT NULL DEFAULT CURRENT_TIMESTAMP ON UPDATE CURRENT_TIMESTAMP,
  `UPDATED_AT` timestamp NOT NULL DEFAULT '0000-00-00 00:00:00'
) ENGINE=InnoDB DEFAULT CHARSET=utf8 COLLATE=utf8_persian_ci;

--
-- Dumping data for table `blog_comment`
--

INSERT INTO `blog_comment` (`idcomment`, `BC_COMMENT`, `BC_ANSWERCOMMENTID`, `BC_USERID`, `BC_POSTID`, `CREATED_AT`, `UPDATED_AT`) VALUES
(1, 'عالی بود', 0, 17, 1, '2019-03-25 12:49:05', '0000-00-00 00:00:00'),
(2, 'بد بود', 0, 17, 1, '2019-03-25 12:49:08', '0000-00-00 00:00:00'),
(3, 'متوسط بود', 17, 17, 1, '2019-03-25 12:49:39', '0000-00-00 00:00:00'),
(4, 'سالم بود', 17, 17, 1, '2019-03-25 12:49:42', '0000-00-00 00:00:00'),
(5, 'مخالف بودم', 17, 17, 1, '2019-03-25 12:49:44', '0000-00-00 00:00:00'),
(6, 'متن وبلاگ عالی بود', 0, 18, 2, '2019-03-26 07:57:06', '2019-03-26 07:57:06'),
(7, 'متن وبلاگ عالی بود', 0, 18, 2, '2019-03-26 07:57:48', '2019-03-26 07:57:48'),
(8, 'j', 0, 18, 2, '2019-03-26 09:38:51', '2019-03-26 09:38:51'),
(9, 'س', 0, 18, 2, '2019-03-26 09:38:58', '2019-03-26 09:38:58'),
(10, 'بلاگ مطلب مناسب دارد', 0, 18, 3, '2019-03-26 09:40:09', '2019-03-26 09:40:09'),
(11, 'بلاگ مطلب مناسب دارد', 0, 18, 3, '2019-03-26 09:40:16', '2019-03-26 09:40:16'),
(12, 'بلاگ مطلب مناسب دارد', 0, 18, 3, '2019-03-26 09:40:25', '2019-03-26 09:40:25'),
(13, 'مخالفم', 11, 18, 3, '2019-03-26 12:23:48', '2019-03-26 12:23:48'),
(14, 'موافقم', 11, 18, 3, '2019-03-26 12:24:31', '2019-03-26 12:24:31'),
(15, 'نمیدونم', 11, 18, 3, '2019-03-26 12:24:50', '2019-03-26 12:24:50'),
(16, 'مطلب بسیار \r\n\r\nمناسب بوده برای همین من موافقم', 10, 18, 3, '2019-03-26 12:27:03', '2019-03-26 12:27:03'),
(17, 'عالی بود', 7, 18, 2, '2019-03-26 13:06:33', '2019-03-26 13:06:33'),
(18, 'سگ تو روحت حسن باد', 9, 19, 2, '2019-03-27 10:35:31', '2019-03-27 10:35:31'),
(19, 'سلام\r\nبکنیبایهبیخهخیبهبه', 10, 19, 3, '2019-03-27 10:42:08', '2019-03-27 10:42:08'),
(20, 'سکمبنتشسگبی\r\nکمیتلکیبام', 10, 19, 3, '2019-03-27 10:44:11', '2019-03-27 10:44:11'),
(21, 'سلام.متن خوبی بود', 0, 20, 5, '2019-03-28 09:42:42', '2019-03-28 09:42:42'),
(22, 'به تو چه آخه.تو چی می فهمی', 0, 20, 5, '2019-03-28 09:43:02', '2019-03-28 09:43:02'),
(23, 'تو برو گاوتو بچرون', 0, 20, 5, '2019-03-28 09:43:19', '2019-03-28 09:43:19'),
(24, 'خیلی ممنون', 21, 20, 5, '2019-03-28 09:44:09', '2019-03-28 09:44:09'),
(25, 'برو بابا', 21, 20, 5, '2019-03-28 09:45:06', '2019-03-28 09:45:06'),
(26, '66565', 8, 19, 2, '2019-06-12 16:05:51', '2019-06-12 16:05:51'),
(27, 'jgfutyc', 0, 25, 2, '2020-08-11 14:52:19', '2020-08-11 14:52:19'),
(28, 'ougiuogiuvbi', 27, 25, 2, '2020-08-11 14:52:37', '2020-08-11 14:52:37');

-- --------------------------------------------------------

--
-- Table structure for table `blog_files`
--

CREATE TABLE `blog_files` (
  `id` int(11) NOT NULL,
  `bf_idpost` int(11) NOT NULL,
  `bf_source` varchar(255) DEFAULT NULL,
  `bf_default` tinyint(1) NOT NULL DEFAULT '0',
  `created_at` timestamp NOT NULL DEFAULT CURRENT_TIMESTAMP,
  `updated_at` timestamp NOT NULL DEFAULT '0000-00-00 00:00:00'
) ENGINE=InnoDB DEFAULT CHARSET=utf8;

--
-- Dumping data for table `blog_files`
--

INSERT INTO `blog_files` (`id`, `bf_idpost`, `bf_source`, `bf_default`, `created_at`, `updated_at`) VALUES
(4, 4, 'test.jpg', 1, '2019-01-15 15:35:24', '0000-00-00 00:00:00'),
(5, 5, 'test.jpg', 1, '2019-01-15 15:35:34', '0000-00-00 00:00:00'),
(6, 1, 'test.jpg', 1, '2019-01-09 15:56:33', '0000-00-00 00:00:00'),
(9, 10, 'test.jpg', 1, '2019-06-12 13:15:47', '2019-06-12 13:15:47'),
(11, 3, 'test.jpg', 1, '2019-06-12 13:15:47', '2019-06-12 13:15:47'),
(12, 11, 'test.jpg', 1, '2019-06-12 14:11:32', '2019-06-12 14:11:32'),
(13, 2, 'test.jpg', 1, '2019-06-12 16:12:47', '2019-06-12 16:12:47');

-- --------------------------------------------------------

--
-- Table structure for table `blog_post`
--

CREATE TABLE `blog_post` (
  `id` int(11) NOT NULL,
  `BP_TITLE` varchar(255) NOT NULL,
  `BP_DESS` varchar(255) NOT NULL,
  `BP_DESL` longtext,
  `BP_USERID` int(11) NOT NULL,
  `BP_CATID` int(11) NOT NULL,
  `BP_BESTPOST` int(11) NOT NULL DEFAULT '0',
  `BP_VIEWED` int(11) DEFAULT NULL,
  `BP_DISPLAYSTATUS` int(1) NOT NULL DEFAULT '0',
  `BP_METATAG_DESCRIPTION` mediumtext,
  `BP_TITLE_PAGE` text,
  `BP_TAG_H1` text,
  `CREATED_AT` datetime NOT NULL,
  `UPDATED_AT` timestamp NOT NULL DEFAULT CURRENT_TIMESTAMP ON UPDATE CURRENT_TIMESTAMP
) ENGINE=InnoDB DEFAULT CHARSET=utf8;

--
-- Dumping data for table `blog_post`
--

INSERT INTO `blog_post` (`id`, `BP_TITLE`, `BP_DESS`, `BP_DESL`, `BP_USERID`, `BP_CATID`, `BP_BESTPOST`, `BP_VIEWED`, `BP_DISPLAYSTATUS`, `BP_METATAG_DESCRIPTION`, `BP_TITLE_PAGE`, `BP_TAG_H1`, `CREATED_AT`, `UPDATED_AT`) VALUES
(1, 'مطلب1 ', 'لورم ایپسوم متن ساختگی با تولید سادگی نامفهوم از صنعت چاپ و با استفاده از طراحان گرافیک است. چاپگرها و متون بلکه روزنامه و مجله در ستون و سطرآنچنان که لازم است و برای شرایط فعلی تکنولوژی مورد نیاز و کاربردهای متنوع با هدف بهبود ابزارهای کاربردی می باشد. ک', 'لورم ایپسوم متن ساختگی با تولید سادگی نامفهوم از صنعت چاپ و با استفاده از طراحان گرافیک است. چاپگرها و متون بلکه روزنامه و مجله در ستون و سطرآنچنان که لازم است و برای شرایط فعلی تکنولوژی مورد نیاز و کاربردهای متنوع با هدف بهبود ابزارهای کاربردی می باشد. کتابهای زیادی در شصت و سه درصد گذشته، حال و آینده شناخت فراوان جامعه و متخصصان را می طلبد تا با نرم افزارها شناخت بیشتری را برای طراحان رایانه ای علی الخصوص طراحان خلاقی و فرهنگ پیشرو در زبان فارسی ایجاد کرد. در این صورت می توان امید داشت که تمام و دشواری موجود در ارائه راهکارها و شرایط سخت تایپ به پایان رسد وزمان مورد نیاز شامل حروفچینی دستاوردهای اصلی و جوابگوی سوالات پیوسته اهل دنیای موجود طراحی اساسا مورد استفاده قرار گیرد.\r\n\r\nلورم ایپسوم متن ساختگی با تولید سادگی نامفهوم از صنعت چاپ و با استفاده از طراحان گرافیک است. چاپگرها و متون بلکه روزنامه و مجله در ستون و سطرآنچنان که لازم است و برای شرایط فعلی تکنولوژی مورد نیاز و کاربردهای متنوع با هدف بهبود ابزارهای کاربردی می باشد. کتابهای زیادی در شصت و سه درصد گذشته، حال و آینده شناخت فراوان جامعه و متخصصان را می طلبد تا با نرم افزارها شناخت بیشتری را برای طراحان رایانه ای علی الخصوص طراحان خلاقی و فرهنگ پیشرو در زبان فارسی ایجاد کرد. در این صورت می توان امید داشت که تمام و دشواری موجود در ارائه راهکارها و شرایط سخت تایپ به پایان رسد وزمان مورد نیاز شامل حروفچینی دستاوردهای اصلی و جوابگوی سوالات پیوسته اهل دنیای موجود طراحی اساسا مورد استفاده قرار گیرد.\r\n\r\nلورم ایپسوم متن ساختگی با تولید سادگی نامفهوم از صنعت چاپ و با استفاده از طراحان گرافیک است. چاپگرها و متون بلکه روزنامه و مجله در ستون و سطرآنچنان که لازم است و برای شرایط فعلی تکنولوژی مورد نیاز و کاربردهای متنوع با هدف بهبود ابزارهای کاربردی می باشد. کتابهای زیادی در شصت و سه درصد گذشته، حال و آینده شناخت فراوان جامعه و متخصصان را می طلبد تا با نرم افزارها شناخت بیشتری را برای طراحان رایانه ای علی الخصوص طراحان خلاقی و فرهنگ پیشرو در زبان فارسی ایجاد کرد. در این صورت می توان امید داشت که تمام و دشواری موجود در ارائه راهکارها و شرایط سخت تایپ به پایان رسد وزمان مورد نیاز شامل حروفچینی دستاوردهای اصلی و جوابگوی سوالات پیوسته اهل دنیای موجود طراحی اساسا مورد استفاده قرار گیرد.', 17, 5, 1, 370, 1, NULL, NULL, NULL, '2019-01-09 00:00:00', '2020-10-18 13:58:26'),
(2, 'مطلب 2', 'لورم ایپسوم متن ساختگی با تولید سادگی نامفهوم از صنعت چاپ و با استفاده از طراحان گرافیک است. چاپگرها و متون بلکه روزنامه و مجله در ستون و سطرآنچنان که لازم است و برای شرایط فعلی تکنولوژی مورد نیاز و کاربردهای متنوع با هدف بهبود ابزارهای کاربردی می باشد. ک', 'لورم ایپسوم متن ساختگی با تولید سادگی نامفهوم از صنعت چاپ و با استفاده از طراحان گرافیک است. چاپگرها و متون بلکه روزنامه و مجله در ستون و سطرآنچنان که لازم است و برای شرایط فعلی تکنولوژی مورد نیاز و کاربردهای متنوع با هدف بهبود ابزارهای کاربردی می باشد. کتابهای زیادی در شصت و سه درصد گذشته، حال و آینده شناخت فراوان جامعه و متخصصان را می طلبد تا با نرم افزارها شناخت بیشتری را برای طراحان رایانه ای علی الخصوص طراحان خلاقی و فرهنگ پیشرو در زبان فارسی ایجاد کرد. در این صورت می توان امید داشت که تمام و دشواری موجود در ارائه راهکارها و شرایط سخت تایپ به پایان رسد وزمان مورد نیاز شامل حروفچینی دستاوردهای اصلی و جوابگوی سوالات پیوسته اهل دنیای موجود طراحی اساسا مورد استفاده قرار گیرد.\r\n\r\nلورم ایپسوم متن ساختگی با تولید سادگی نامفهوم از صنعت چاپ و با استفاده از طراحان گرافیک است. چاپگرها و متون بلکه روزنامه و مجله در ستون و سطرآنچنان که لازم است و برای شرایط فعلی تکنولوژی مورد نیاز و کاربردهای متنوع با هدف بهبود ابزارهای کاربردی می باشد. کتابهای زیادی در شصت و سه درصد گذشته، حال و آینده شناخت فراوان جامعه و متخصصان را می طلبد تا با نرم افزارها شناخت بیشتری را برای طراحان رایانه ای علی الخصوص طراحان خلاقی و فرهنگ پیشرو در زبان فارسی ایجاد کرد. در این صورت می توان امید داشت که تمام و دشواری موجود در ارائه راهکارها و شرایط سخت تایپ به پایان رسد وزمان مورد نیاز شامل حروفچینی دستاوردهای اصلی و جوابگوی سوالات پیوسته اهل دنیای موجود طراحی اساسا مورد استفاده قرار گیرد.\r\n\r\nلورم ایپسوم متن ساختگی با تولید سادگی نامفهوم از صنعت چاپ و با استفاده از طراحان گرافیک است. چاپگرها و متون بلکه روزنامه و مجله در ستون و سطرآنچنان که لازم است و برای شرایط فعلی تکنولوژی مورد نیاز و کاربردهای متنوع با هدف بهبود ابزارهای کاربردی می باشد. کتابهای زیادی در شصت و سه درصد گذشته، حال و آینده شناخت فراوان جامعه و متخصصان را می طلبد تا با نرم افزارها شناخت بیشتری را برای طراحان رایانه ای علی الخصوص طراحان خلاقی و فرهنگ پیشرو در زبان فارسی ایجاد کرد. در این صورت می توان امید داشت که تمام و دشواری موجود در ارائه راهکارها و شرایط سخت تایپ به پایان رسد وزمان مورد نیاز شامل حروفچینی دستاوردهای اصلی و جوابگوی سوالات پیوسته اهل دنیای موجود طراحی اساسا مورد استفاده قرار گیرد.', 17, 3, 1, 188, 1, NULL, NULL, NULL, '2019-01-16 00:00:00', '2020-08-11 14:52:38'),
(3, 'مطلب 3', 'لورم ایپسوم متن ساختگی با تولید سادگی نامفهوم از صنعت چاپ و با استفاده از طراحان گرافیک است. چاپگرها و متون بلکه روزنامه و مجله در ستون و سطرآنچنان که لازم است و برای شرایط فعلی تکنولوژی مورد نیاز و کاربردهای متنوع با هدف بهبود ابزارهای کاربردی می باشد. ک', '<h1>لورم ایپسوم متن ساختگی با تولید سادگی نامفهوم</h1><p> از صنعت چاپ و با استفاده از طراحان گرافیک است. چاپگرها و متون بلکه روزنامه و مجله در ستون و سطرآنچنان که لازم است و برای شرایط فعلی تکنولوژی مورد نیاز و کاربردهای متنوع با هدف بهبود ابزارهای کاربردی می باشد. کتابهای زیادی در شصت و سه درصد گذشته، حال و آینده شناخت فراوان جامعه و متخصصان را می طلبد تا با نرم افزارها شناخت بیشتری را برای طراحان رایانه ای علی <span style=\"background-color: rgb(255, 255, 0);\"><font color=\"#94bd7b\">الخصوص طراحان خلاقی و فرهنگ پیشرو در زبان فارسی ایجاد کرد. در این صورت می توان امید داشت که تمام و دشواری موجود در ارائه راهکارها و شرایط سخت تایپ به پایان رسد وزمان مورد نیاز شامل حروفچینی دستاوردهای اصلی و جوابگوی سوالات پیوسته اهل دنیای موجود طراحی اساسا مورد استفاده قرار گیرد.\r\n\r\nلورم ایپسوم متن ساختگی با تولید سادگی نامفهوم از صنعت چاپ و با استفاده از طراحان گرافیک است. چاپگرها و متون بلکه روزنامه و مجله در ستون و سطرآنچنان</font></span> که لازم است و برای شرایط فعلی تکنولوژی مورد نیاز و کاربردهای متنوع با هدف بهبود ابزارهای کاربردی می باشد. کتابهای زیادی در شصت و سه درصد گذشته، حال و آینده شناخت فراوان جامعه و متخصصان را می طلبد تا با نرم افزارها شناخت بیشتری را برای طراحان رایانه ای علی الخصوص طراحان خلاقی و فرهنگ پیشرو در زبان فارسی ایجاد کرد. در این صو<font color=\"#94bd7b\" style=\"background-color: rgb(99, 74, 165);\">رت می توان امید داشت که تمام و دشواری موجود در ارائه راهکارها و شرایط سخت تایپ به پایان رسد وزمان مورد نیاز شامل حروفچینی دستاوردهای اصلی و جوابگوی سوالات پیوسته اهل دنیای موجود طراحی اساسا مورد استفاده قرار گیرد.</font>\r\n\r\nلورم ایپسوم متن ساختگی با تولید سادگی نامفهوم از صنعت چاپ و با استفاده از طراحان گرافیک است. چاپگرها و متون بلکه روزنامه و مجله در ستون و سطرآنچنان که لازم است و برای شرایط فعلی تکنولوژی مورد نیاز و کاربردهای <font color=\"#94bd7b\" style=\"background-color: rgb(255, 255, 0);\">متنوع با هدف بهبود ابزارهای کاربردی می باشد. کتابهای زیادی در شصت و سه درصد گذشته، حال و آینده شناخت فراوان جامعه و متخصصان را می </font>طلبد تا با نرم افزارها شناخت بیشتری را برای طراحان رایانه ای علی الخصوص طراحان خلاقی و فرهنگ پیشرو در زبان فارسی ایجاد کرد. در این صورت می توان امید داشت که تمام و دشواری موجود در ارائه راهکارها و شرایط سخت تایپ به پایان رسد وزمان مورد نیاز شامل حروفچینی دستاوردهای اصلی و جوابگوی سوالات پیوسته اهل دنیای موجود طراحی اساسا مورد استفاده قرار گیرد.</p>', 17, 4, 1, 116, 1, NULL, NULL, NULL, '2019-01-16 00:00:00', '2020-10-18 13:58:29'),
(4, 'مطلب 4', 'لورم ایپسوم متن ساختگی با تولید سادگی نامفهوم از صنعت چاپ و با استفاده از طراحان گرافیک است. چاپگرها و متون بلکه روزنامه و مجله در ستون و سطرآنچنان که لازم است و برای شرایط فعلی تکنولوژی مورد نیاز و کاربردهای متنوع با هدف بهبود ابزارهای کاربردی می باشد. ک', 'لورم ایپسوم متن ساختگی با تولید سادگی نامفهوم از صنعت چاپ و با استفاده از طراحان گرافیک است. چاپگرها و متون بلکه روزنامه و مجله در ستون و سطرآنچنان که لازم است و برای شرایط فعلی تکنولوژی مورد نیاز و کاربردهای متنوع با هدف بهبود ابزارهای کاربردی می باشد. کتابهای زیادی در شصت و سه درصد گذشته، حال و آینده شناخت فراوان جامعه و متخصصان را می طلبد تا با نرم افزارها شناخت بیشتری را برای طراحان رایانه ای علی الخصوص طراحان خلاقی و فرهنگ پیشرو در زبان فارسی ایجاد کرد. در این صورت می توان امید داشت که تمام و دشواری موجود در ارائه راهکارها و شرایط سخت تایپ به پایان رسد وزمان مورد نیاز شامل حروفچینی دستاوردهای اصلی و جوابگوی سوالات پیوسته اهل دنیای موجود طراحی اساسا مورد استفاده قرار گیرد.\r\n\r\nلورم ایپسوم متن ساختگی با تولید سادگی نامفهوم از صنعت چاپ و با استفاده از طراحان گرافیک است. چاپگرها و متون بلکه روزنامه و مجله در ستون و سطرآنچنان که لازم است و برای شرایط فعلی تکنولوژی مورد نیاز و کاربردهای متنوع با هدف بهبود ابزارهای کاربردی می باشد. کتابهای زیادی در شصت و سه درصد گذشته، حال و آینده شناخت فراوان جامعه و متخصصان را می طلبد تا با نرم افزارها شناخت بیشتری را برای طراحان رایانه ای علی الخصوص طراحان خلاقی و فرهنگ پیشرو در زبان فارسی ایجاد کرد. در این صورت می توان امید داشت که تمام و دشواری موجود در ارائه راهکارها و شرایط سخت تایپ به پایان رسد وزمان مورد نیاز شامل حروفچینی دستاوردهای اصلی و جوابگوی سوالات پیوسته اهل دنیای موجود طراحی اساسا مورد استفاده قرار گیرد.\r\n\r\nلورم ایپسوم متن ساختگی با تولید سادگی نامفهوم از صنعت چاپ و با استفاده از طراحان گرافیک است. چاپگرها و متون بلکه روزنامه و مجله در ستون و سطرآنچنان که لازم است و برای شرایط فعلی تکنولوژی مورد نیاز و کاربردهای متنوع با هدف بهبود ابزارهای کاربردی می باشد. کتابهای زیادی در شصت و سه درصد گذشته، حال و آینده شناخت فراوان جامعه و متخصصان را می طلبد تا با نرم افزارها شناخت بیشتری را برای طراحان رایانه ای علی الخصوص طراحان خلاقی و فرهنگ پیشرو در زبان فارسی ایجاد کرد. در این صورت می توان امید داشت که تمام و دشواری موجود در ارائه راهکارها و شرایط سخت تایپ به پایان رسد وزمان مورد نیاز شامل حروفچینی دستاوردهای اصلی و جوابگوی سوالات پیوسته اهل دنیای موجود طراحی اساسا مورد استفاده قرار گیرد.', 17, 6, 1, 100, 1, NULL, NULL, NULL, '2019-01-16 00:00:00', '2020-10-18 13:58:32'),
(5, 'مطلب 5', 'لورم ایپسوم متن ساختگی با تولید سادگی نامفهوم از صنعت چاپ و با استفاده از طراحان گرافیک است. چاپگرها و متون بلکه روزنامه و مجله در ستون و سطرآنچنان که لازم است و برای شرایط فعلی تکنولوژی مورد نیاز و کاربردهای متنوع با هدف بهبود ابزارهای کاربردی می باشد. ک', 'لورم ایپسوم متن ساختگی با تولید سادگی نامفهوم از صنعت چاپ و با استفاده از طراحان گرافیک است. چاپگرها و متون بلکه روزنامه و مجله در ستون و سطرآنچنان که لازم است و برای شرایط فعلی تکنولوژی مورد نیاز و کاربردهای متنوع با هدف بهبود ابزارهای کاربردی می باشد. کتابهای زیادی در شصت و سه درصد گذشته، حال و آینده شناخت فراوان جامعه و متخصصان را می طلبد تا با نرم افزارها شناخت بیشتری را برای طراحان رایانه ای علی الخصوص طراحان خلاقی و فرهنگ پیشرو در زبان فارسی ایجاد کرد. در این صورت می توان امید داشت که تمام و دشواری موجود در ارائه راهکارها و شرایط سخت تایپ به پایان رسد وزمان مورد نیاز شامل حروفچینی دستاوردهای اصلی و جوابگوی سوالات پیوسته اهل دنیای موجود طراحی اساسا مورد استفاده قرار گیرد.\r\n\r\nلورم ایپسوم متن ساختگی با تولید سادگی نامفهوم از صنعت چاپ و با استفاده از طراحان گرافیک است. چاپگرها و متون بلکه روزنامه و مجله در ستون و سطرآنچنان که لازم است و برای شرایط فعلی تکنولوژی مورد نیاز و کاربردهای متنوع با هدف بهبود ابزارهای کاربردی می باشد. کتابهای زیادی در شصت و سه درصد گذشته، حال و آینده شناخت فراوان جامعه و متخصصان را می طلبد تا با نرم افزارها شناخت بیشتری را برای طراحان رایانه ای علی الخصوص طراحان خلاقی و فرهنگ پیشرو در زبان فارسی ایجاد کرد. در این صورت می توان امید داشت که تمام و دشواری موجود در ارائه راهکارها و شرایط سخت تایپ به پایان رسد وزمان مورد نیاز شامل حروفچینی دستاوردهای اصلی و جوابگوی سوالات پیوسته اهل دنیای موجود طراحی اساسا مورد استفاده قرار گیرد.\r\n\r\nلورم ایپسوم متن ساختگی با تولید سادگی نامفهوم از صنعت چاپ و با استفاده از طراحان گرافیک است. چاپگرها و متون بلکه روزنامه و مجله در ستون و سطرآنچنان که لازم است و برای شرایط فعلی تکنولوژی مورد نیاز و کاربردهای متنوع با هدف بهبود ابزارهای کاربردی می باشد. کتابهای زیادی در شصت و سه درصد گذشته، حال و آینده شناخت فراوان جامعه و متخصصان را می طلبد تا با نرم افزارها شناخت بیشتری را برای طراحان رایانه ای علی الخصوص طراحان خلاقی و فرهنگ پیشرو در زبان فارسی ایجاد کرد. در این صورت می توان امید داشت که تمام و دشواری موجود در ارائه راهکارها و شرایط سخت تایپ به پایان رسد وزمان مورد نیاز شامل حروفچینی دستاوردهای اصلی و جوابگوی سوالات پیوسته اهل دنیای موجود طراحی اساسا مورد استفاده قرار گیرد.', 17, 1, 0, 100, 1, NULL, NULL, NULL, '2019-01-16 00:00:00', '2020-10-18 13:58:04'),
(10, 'نمونه 4', 'نمونه 5', '<p>tنمونه 6hftyftytfyftf</p>', 17, 4, 0, 100, 1, 'نمونه1tfyftyf', 'نمونه2tyftyfty', 'نمونه3tyftyf', '2019-06-11 23:44:35', '2020-10-18 13:58:12'),
(11, 'متن پرینتر4', 'متن پرینتر5', '<p>yjytujtyyuمتن پرینتر6متن پرینتر6متن پرینتر6متن پرینتر6متن پرین<span style=\"background-color: rgb(255, 255, 0);\">تر6متن پرینتر6متن پرینتر6متن پرینتر6متن پرینتر6متن پرینتر6</span><br></p>', 17, 6, 0, 100, 1, 'متن پرینتر1', 'متن پرینتر2thrhrdrt', 'متن پرینتر3dfghfdfg', '2019-06-12 18:41:32', '2020-10-18 13:58:16');

-- --------------------------------------------------------

--
-- Table structure for table `me_request`
--

CREATE TABLE `me_request` (
  `id` int(11) NOT NULL,
  `name` varchar(255) NOT NULL,
  `lastname` varchar(255) NOT NULL,
  `mobile` varchar(11) NOT NULL,
  `typerequest` varchar(255) NOT NULL,
  `city` varchar(255) NOT NULL,
  `daterequest` varchar(255) DEFAULT NULL,
  `timerequest` varchar(255) DEFAULT NULL,
  `address` text,
  `requestid` varchar(50) DEFAULT NULL,
  `status` int(20) NOT NULL DEFAULT '0',
  `userid` int(11) DEFAULT NULL,
  `created_at` timestamp NOT NULL DEFAULT CURRENT_TIMESTAMP,
  `updated_at` timestamp NULL DEFAULT NULL
) ENGINE=InnoDB DEFAULT CHARSET=utf8;

--
-- Dumping data for table `me_request`
--

INSERT INTO `me_request` (`id`, `name`, `lastname`, `mobile`, `typerequest`, `city`, `daterequest`, `timerequest`, `address`, `requestid`, `status`, `userid`, `created_at`, `updated_at`) VALUES
(149, 'محمد', 'تبریزی', '09120924699', '5', '1', '1399-08-18 12:58:00', '1', ',k,,', 'RQ-1', 1, 24, '2020-11-07 09:28:00', '2020-11-07 09:28:00'),
(150, 'محمد', 'تبریزی', '09120924699', '5', '1', '1399-08-18 12:58:00', '1', ',k,,', 'RQ-1', 1, 24, '2020-11-07 09:28:00', '2020-11-07 09:28:00'),
(151, 'محمد', 'تبریزی', '09120924699', '5', '1', '1399-08-18 12:58:00', '1', ',k,,', 'RQ-0', 0, 24, '2020-11-07 09:28:00', '2020-11-07 09:28:00'),
(152, 'محمد', 'تبریزی', '09120924699', '2', '1', '1399-08-18 14:38:14', '1', 'yutjyy', 'RQ-0', 3, 24, '2020-11-07 11:08:14', '2020-11-14 11:33:32'),
(153, 'محمد', 'تبریزی', '09120924699', '5', '1', '1399-08-20 13:40:22', '1', '., n.,n .n', 'RQ-0', 0, NULL, '2020-11-08 10:10:22', '2020-11-08 10:10:22'),
(154, 'محمد', 'تبریزی', '09120924699', '5', '1', '1399-08-20 13:40:59', '1', '., n.,n .n', 'RQ-1', 3, 24, '2020-11-08 10:10:59', '2020-11-14 11:36:07'),
(155, 'محمد', 'تبریزی', '09120924699', '1', '2', '1399-08-20 13:42:48', '2', 'nfghfghgfhg', 'RQE01155', 2, 24, '2020-11-08 10:12:48', '2020-11-08 10:12:48'),
(156, 'mohammadght', 'سید حسنلویی', '09124445566', '1', '1', '1399-08-22 08:32:41', '1', 'frtr', 'RQ-0', 0, 36, '2020-11-11 05:02:41', '2020-11-11 05:02:41'),
(157, 'محمد', 'تبریزی', '09120924699', '5', '1', '1399-08-18 12:58:00', '1', ',k,,', 'RQ-0', 0, 24, '2020-11-07 09:28:00', '2020-11-07 09:28:00'),
(158, 'محمد', 'تبریزی', '09120924699', '2', '1', '1399-08-18 14:38:14', '1', 'yutjyy', 'RQ-0', 3, 24, '2020-11-07 11:08:14', '2020-11-14 11:33:38'),
(159, 'محمد', 'تبریزی', '09120924699', '5', '1', '1399-08-18 12:58:00', '1', ',k,,', 'RQ-0', 0, 24, '2020-11-07 09:28:00', '2020-11-07 09:28:00'),
(160, 'محمد', 'تبریزی', '09120924699', '2', '1', '1399-08-18 14:38:14', '1', 'yutjyy', 'RQ-0', 3, 24, '2020-11-07 11:08:14', '2020-11-14 11:34:26'),
(161, 'محمد', 'تبریزی', '09120924699', '5', '1', '1399-08-18 12:58:00', '1', ',k,,', 'RQ-0', 0, 24, '2020-11-07 09:28:00', '2020-11-07 09:28:00'),
(162, 'محمد', 'تبریزی', '09120924699', '2', '1', '1399-08-18 14:38:14', '1', 'yutjyy', 'RQ-0', 3, 24, '2020-11-07 11:08:14', '2020-11-14 11:34:34'),
(163, 'محمد', 'تبریزی', '09120924699', '5', '1', '1399-08-18 12:58:00', '1', ',k,,', 'RQ-0', 0, 24, '2020-11-07 09:28:00', '2020-11-07 09:28:00'),
(164, 'محمد', 'تبریزی', '09120924699', '2', '1', '1399-08-18 14:38:14', '1', 'yutjyy', 'RQ-0', 3, 24, '2020-11-07 11:08:14', '2020-11-14 11:35:11'),
(165, 'محمد', 'تبریزی', '09120924699', '5', '1', '1399-08-18 12:58:00', '1', ',k,,', 'RQ-0', 0, 24, '2020-11-07 09:28:00', '2020-11-07 09:28:00'),
(166, 'محمد', 'تبریزی', '09120924699', '2', '1', '1399-08-18 14:38:14', '1', 'yutjyy', 'RQ-0', 3, 24, '2020-11-07 11:08:14', '2020-11-14 11:35:25'),
(167, 'محمد', 'تبریزی', '09120924699', '5', '1', '1399-08-18 12:58:00', '1', ',k,,', 'RQ-0', 0, 24, '2020-11-07 09:28:00', '2020-11-07 09:28:00'),
(168, 'محمد', 'تبریزی', '09120924699', '2', '1', '1399-08-18 14:38:14', '1', 'yutjyy', 'RQ-0', 3, 24, '2020-11-07 11:08:14', '2020-11-14 11:35:18'),
(169, 'محمد', 'تبریزی', '09120924699', '5', '1', '1399-08-18 12:58:00', '1', ',k,,', 'RQ-0', 0, 24, '2020-11-07 09:28:00', '2020-11-07 09:28:00'),
(170, 'محمد', 'تبریزی', '09120924699', '2', '1', '1399-08-18 14:38:14', '1', 'yutjyy', 'RQ-0', 0, 24, '2020-11-07 11:08:14', '2020-11-07 11:08:14'),
(171, 'محمد', 'تبریزی', '09120924699', '5', '1', '1399-08-18 12:58:00', '1', ',k,,', 'RQ-0', 0, 24, '2020-11-07 09:28:00', '2020-11-07 09:28:00'),
(172, 'محمد', 'تبریزی', '09120924699', '2', '1', '1399-08-18 14:38:14', '1', 'yutjyy', 'RQ-0', 0, 24, '2020-11-07 11:08:14', '2020-11-07 11:08:14'),
(173, 'محمد', 'تبریزی', '09120924699', '5', '1', '1399-08-18 12:58:00', '1', ',k,,', 'RQ-0', 0, 24, '2020-11-07 09:28:00', '2020-11-07 09:28:00'),
(174, 'محمد', 'تبریزی', '09120924699', '2', '1', '1399-08-18 14:38:14', '1', 'yutjyy', 'RQ-0', 0, 24, '2020-11-07 11:08:14', '2020-11-07 11:08:14'),
(175, 'محمد', 'تبریزی', '09120924699', '5', '1', '1399-08-18 12:58:00', '1', ',k,,', 'RQ-0', 0, 24, '2020-11-07 09:28:00', '2020-11-07 09:28:00'),
(176, 'محمد', 'تبریزی', '09120924699', '2', '1', '1399-08-18 14:38:14', '1', 'yutjyy', 'RQ-0', 0, 24, '2020-11-07 11:08:14', '2020-11-07 11:08:14'),
(177, 'محمد', 'تبریزی', '09120924699', '5', '1', '1399-08-18 12:58:00', '1', ',k,,', 'RQ-1', 1, 24, '2020-11-07 09:28:00', '2020-11-07 09:28:00'),
(178, 'محمد', 'تبریزی', '09120924699', '5', '1', '1399-08-18 12:58:00', '1', ',k,,', 'RQ-1', 1, 24, '2020-11-07 09:28:00', '2020-11-07 09:28:00'),
(179, 'محمد', 'تبریزی', '09120924699', '5', '1', '1399-08-20 13:40:59', '1', '., n.,n .n', 'RQ-1', 1, 24, '2020-11-08 10:10:59', '2020-11-08 10:11:00'),
(180, 'محمد', 'تبریزی', '09120924699', '5', '1', '1399-08-18 12:58:00', '1', ',k,,', 'RQ-1', 1, 24, '2020-11-07 09:28:00', '2020-11-07 09:28:00'),
(181, 'محمد', 'تبریزی', '09120924699', '5', '1', '1399-08-18 12:58:00', '1', ',k,,', 'RQ-1', 1, 24, '2020-11-07 09:28:00', '2020-11-07 09:28:00'),
(182, 'محمد', 'تبریزی', '09120924699', '5', '1', '1399-08-20 13:40:59', '1', '., n.,n .n', 'RQ-1', 1, 24, '2020-11-08 10:10:59', '2020-11-08 10:11:00'),
(183, 'محمد', 'تبریزی', '09120924699', '5', '1', '1399-08-18 12:58:00', '1', ',k,,', 'RQ-1', 1, 24, '2020-11-07 09:28:00', '2020-11-07 09:28:00'),
(184, 'محمد', 'تبریزی', '09120924699', '5', '1', '1399-08-18 12:58:00', '1', ',k,,', 'RQ-1', 1, 24, '2020-11-07 09:28:00', '2020-11-07 09:28:00'),
(185, 'محمد', 'تبریزی', '09120924699', '5', '1', '1399-08-20 13:40:59', '1', '., n.,n .n', 'RQ-1', 1, 24, '2020-11-08 10:10:59', '2020-11-08 10:11:00'),
(186, 'محمد', 'تبریزی', '09120924699', '5', '1', '1399-08-18 12:58:00', '1', ',k,,', 'RQ-1', 1, 24, '2020-11-07 09:28:00', '2020-11-07 09:28:00'),
(187, 'محمد', 'تبریزی', '09120924699', '5', '1', '1399-08-18 12:58:00', '1', ',k,,', 'RQ-1', 1, 24, '2020-11-07 09:28:00', '2020-11-07 09:28:00'),
(188, 'محمد', 'تبریزی', '09120924699', '5', '1', '1399-08-20 13:40:59', '1', '., n.,n .n', 'RQ-1', 1, 24, '2020-11-08 10:10:59', '2020-11-08 10:11:00'),
(189, 'محمد', 'تبریزی', '09120924699', '5', '1', '1399-08-20 13:40:59', '1', '., n.,n .n', 'RQ-1', 1, 24, '2020-11-08 10:10:59', '2020-11-08 10:11:00'),
(190, 'محمد', 'تبریزی', '09120924699', '5', '1', '1399-08-18 12:58:00', '1', ',k,,', 'RQ-1', 1, 24, '2020-11-07 09:28:00', '2020-11-07 09:28:00'),
(191, 'محمد', 'تبریزی', '09120924699', '5', '1', '1399-08-18 12:58:00', '1', ',k,,', 'RQ-1', 1, 24, '2020-11-07 09:28:00', '2020-11-07 09:28:00'),
(192, 'محمد', 'تبریزی', '09120924699', '5', '1', '1399-08-20 13:40:59', '1', '., n.,n .n', 'RQ-1', 1, 24, '2020-11-08 10:10:59', '2020-11-08 10:11:00'),
(193, 'محمد', 'تبریزی', '09120924699', '5', '1', '1399-08-18 12:58:00', '1', ',k,,', 'RQ-1', 1, 24, '2020-11-07 09:28:00', '2020-11-07 09:28:00'),
(194, 'محمد', 'تبریزی', '09120924699', '5', '1', '1399-08-18 12:58:00', '1', ',k,,', 'RQ-1', 1, 24, '2020-11-07 09:28:00', '2020-11-07 09:28:00'),
(195, 'محمد', 'تبریزی', '09120924699', '5', '1', '1399-08-20 13:40:59', '1', '., n.,n .n', 'RQ-1', 1, 24, '2020-11-08 10:10:59', '2020-11-08 10:11:00'),
(196, 'محمد', 'تبریزی', '09120924699', '5', '1', '1399-08-20 13:40:59', '1', '., n.,n .n', 'RQ-1', 1, 24, '2020-11-08 10:10:59', '2020-11-08 10:11:00'),
(197, 'محمد', 'تبریزی', '09120924699', '5', '1', '1399-08-18 12:58:00', '1', ',k,,', 'RQ-1', 1, 24, '2020-11-07 09:28:00', '2020-11-07 09:28:00'),
(198, 'محمد', 'تبریزی', '09120924699', '5', '1', '1399-08-18 12:58:00', '1', ',k,,', 'RQ-1', 1, 24, '2020-11-07 09:28:00', '2020-11-07 09:28:00'),
(199, 'محمد', 'تبریزی', '09120924699', '5', '1', '1399-08-20 13:40:59', '1', '., n.,n .n', 'RQ-1', 1, 24, '2020-11-08 10:10:59', '2020-11-08 10:11:00');

-- --------------------------------------------------------

--
-- Table structure for table `migrations`
--

CREATE TABLE `migrations` (
  `id` int(10) UNSIGNED NOT NULL,
  `migration` varchar(255) COLLATE utf8mb4_unicode_ci NOT NULL,
  `batch` int(11) NOT NULL
) ENGINE=InnoDB DEFAULT CHARSET=utf8mb4 COLLATE=utf8mb4_unicode_ci;

--
-- Dumping data for table `migrations`
--

INSERT INTO `migrations` (`id`, `migration`, `batch`) VALUES
(1, '2018_12_10_194000_create_smsirlaravel_log_table', 1);

-- --------------------------------------------------------

--
-- Table structure for table `password_resets`
--

CREATE TABLE `password_resets` (
  `id` int(11) NOT NULL,
  `email` varchar(255) COLLATE utf8_persian_ci NOT NULL,
  `token` varchar(255) COLLATE utf8_persian_ci NOT NULL,
  `CREATED_AT` timestamp NOT NULL DEFAULT CURRENT_TIMESTAMP ON UPDATE CURRENT_TIMESTAMP
) ENGINE=InnoDB DEFAULT CHARSET=utf8 COLLATE=utf8_persian_ci;

-- --------------------------------------------------------

--
-- Table structure for table `products`
--

CREATE TABLE `products` (
  `id` bigint(20) NOT NULL,
  `cat_id` int(20) NOT NULL,
  `brand_id` varchar(255) COLLATE utf8_persian_ci NOT NULL,
  `product_id` varchar(255) COLLATE utf8_persian_ci NOT NULL,
  `name` varchar(255) COLLATE utf8_persian_ci NOT NULL,
  `image_source` varchar(255) COLLATE utf8_persian_ci DEFAULT NULL,
  `detail` longtext COLLATE utf8_persian_ci NOT NULL,
  `technical_name` varchar(255) COLLATE utf8_persian_ci NOT NULL,
  `slug` varchar(255) COLLATE utf8_persian_ci NOT NULL,
  `meta_desc` longtext COLLATE utf8_persian_ci NOT NULL,
  `point` int(1) NOT NULL DEFAULT '0',
  `point_count` int(20) NOT NULL DEFAULT '0',
  `viewed_count` int(20) NOT NULL DEFAULT '0',
  `created_at` timestamp NOT NULL DEFAULT CURRENT_TIMESTAMP,
  `updated_at` timestamp NULL DEFAULT NULL
) ENGINE=InnoDB DEFAULT CHARSET=utf8 COLLATE=utf8_persian_ci;

--
-- Dumping data for table `products`
--

INSERT INTO `products` (`id`, `cat_id`, `brand_id`, `product_id`, `name`, `image_source`, `detail`, `technical_name`, `slug`, `meta_desc`, `point`, `point_count`, `viewed_count`, `created_at`, `updated_at`) VALUES
(1, 2, '1', 'EMP-123355', 'چاپگر تک کاره HP M102a1111', 'HP-M102a.png', 'چاپگر تک کاره HP M102a', 'HP LaserJet Pro M102a', 'چاپگر-تک-کاره-HP-M102a', 'فروش و قیمت کالا اچ پی در فروشگاه امداد آی تی ، مدل اچ پی لیزری M102a , خرید پرینتر لیزری اچ پی HP LaserJet Pro M102a ', 0, 0, 0, '2020-10-01 12:58:46', NULL),
(2, 2, '1', 'EMP-123355', 'چاپگر تک کاره HP M102a2222', 'HP-M102a.png', 'چاپگر تک کاره HP M102a', 'HP LaserJet Pro M102a', 'چاپگر-تک-کاره-HP-M102a', 'فروش و قیمت کالا اچ پی در فروشگاه امداد آی تی ، مدل اچ پی لیزری M102a , خرید پرینتر لیزری اچ پی HP LaserJet Pro M102a ', 0, 0, 0, '2020-10-02 12:58:46', NULL),
(3, 2, '1', 'EMP-123355', 'چاپگر تک کاره HP M102a3333', 'HP-M102a.png', 'چاپگر تک کاره HP M102a', 'HP LaserJet Pro M102a', 'چاپگر-تک-کاره-HP-M102a', 'فروش و قیمت کالا اچ پی در فروشگاه امداد آی تی ، مدل اچ پی لیزری M102a , خرید پرینتر لیزری اچ پی HP LaserJet Pro M102a ', 0, 0, 0, '2020-10-03 12:58:46', NULL),
(4, 2, '1', 'EMP-123355', 'چاپگر تک کاره HP M102a4444', 'HP-M102a.png', 'چاپگر تک کاره HP M102a', 'HP LaserJet Pro M102a', 'چاپگر-تک-کاره-HP-M102a', 'فروش و قیمت کالا اچ پی در فروشگاه امداد آی تی ، مدل اچ پی لیزری M102a , خرید پرینتر لیزری اچ پی HP LaserJet Pro M102a ', 0, 0, 0, '2020-10-04 12:58:46', NULL),
(5, 2, '1', 'EMP-123355', 'چاپگر تک کاره HP M102a5555', 'HP-M102a.png', 'چاپگر تک کاره HP M102a', 'HP LaserJet Pro M102a', 'چاپگر-تک-کاره-HP-M102a', 'فروش و قیمت کالا اچ پی در فروشگاه امداد آی تی ، مدل اچ پی لیزری M102a , خرید پرینتر لیزری اچ پی HP LaserJet Pro M102a ', 0, 0, 0, '2020-10-05 12:58:46', NULL),
(6, 2, '1', 'EMP-123355', 'چاپگر تک کاره HP M102a6666', 'HP-M102a.png', 'چاپگر تک کاره HP M102a', 'HP LaserJet Pro M102a', 'چاپگر-تک-کاره-HP-M102a', 'فروش و قیمت کالا اچ پی در فروشگاه امداد آی تی ، مدل اچ پی لیزری M102a , خرید پرینتر لیزری اچ پی HP LaserJet Pro M102a ', 0, 0, 0, '2020-10-06 12:58:46', NULL),
(7, 2, '1', 'EMP-123355', 'چاپگر تک کاره HP M102a7777', 'HP-M102a.png', 'چاپگر تک کاره HP M102a', 'HP LaserJet Pro M102a', 'چاپگر-تک-کاره-HP-M102a', 'فروش و قیمت کالا اچ پی در فروشگاه امداد آی تی ، مدل اچ پی لیزری M102a , خرید پرینتر لیزری اچ پی HP LaserJet Pro M102a ', 0, 0, 0, '2020-10-07 12:58:46', NULL),
(8, 2, '1', 'EMP-123355', 'چاپگر تک کاره HP M102a8888', 'HP-M102a.png', 'چاپگر تک کاره HP M102a', 'HP LaserJet Pro M102a', 'چاپگر-تک-کاره-HP-M102a', 'فروش و قیمت کالا اچ پی در فروشگاه امداد آی تی ، مدل اچ پی لیزری M102a , خرید پرینتر لیزری اچ پی HP LaserJet Pro M102a ', 0, 0, 0, '2020-10-08 12:58:46', NULL),
(9, 2, '1', 'EMP-123355', 'چاپگر تک کاره HP M102a9999', 'HP-M102a.png', 'چاپگر تک کاره HP M102a', 'HP LaserJet Pro M102a', 'چاپگر-تک-کاره-HP-M102a', 'فروش و قیمت کالا اچ پی در فروشگاه امداد آی تی ، مدل اچ پی لیزری M102a , خرید پرینتر لیزری اچ پی HP LaserJet Pro M102a ', 0, 0, 0, '2020-10-09 12:58:46', NULL),
(10, 2, '1', 'EMP-123355', 'چاپگر تک کاره HP M102a1010', 'HP-M102a.png', 'چاپگر تک کاره HP M102a', 'HP LaserJet Pro M102a', 'چاپگر-تک-کاره-HP-M102a', 'فروش و قیمت کالا اچ پی در فروشگاه امداد آی تی ، مدل اچ پی لیزری M102a , خرید پرینتر لیزری اچ پی HP LaserJet Pro M102a ', 0, 0, 0, '2020-10-10 12:58:46', NULL),
(11, 2, '1', 'EMP-123355', 'چاپگر تک کاره HP M102a11', 'HP-M102a.png', 'چاپگر تک کاره HP M102a', 'HP LaserJet Pro M102a', 'چاپگر-تک-کاره-HP-M102a', 'فروش و قیمت کالا اچ پی در فروشگاه امداد آی تی ، مدل اچ پی لیزری M102a , خرید پرینتر لیزری اچ پی HP LaserJet Pro M102a ', 0, 0, 0, '2020-10-11 12:58:46', NULL),
(12, 2, '1', 'EMP-123355', 'چاپگر تک کاره HP M102a12', 'HP-M102a.png', 'چاپگر تک کاره HP M102a', 'HP LaserJet Pro M102a', 'چاپگر-تک-کاره-HP-M102a', 'فروش و قیمت کالا اچ پی در فروشگاه امداد آی تی ، مدل اچ پی لیزری M102a , خرید پرینتر لیزری اچ پی HP LaserJet Pro M102a ', 0, 0, 0, '2020-10-12 12:58:46', NULL),
(13, 2, '1', 'EMP-123355', 'چاپگر تک کاره HP M102a13', 'HP-M102a.png', 'چاپگر تک کاره HP M102a', 'HP LaserJet Pro M102a', 'چاپگر-تک-کاره-HP-M102a', 'فروش و قیمت کالا اچ پی در فروشگاه امداد آی تی ، مدل اچ پی لیزری M102a , خرید پرینتر لیزری اچ پی HP LaserJet Pro M102a ', 0, 0, 0, '2020-10-13 12:58:46', NULL),
(14, 2, '1', 'EMP-123355', 'چاپگر تک کاره HP M102a14', 'HP-M102a.png', 'چاپگر تک کاره HP M102a', 'HP LaserJet Pro M102a', 'چاپگر-تک-کاره-HP-M102a', 'فروش و قیمت کالا اچ پی در فروشگاه امداد آی تی ، مدل اچ پی لیزری M102a , خرید پرینتر لیزری اچ پی HP LaserJet Pro M102a ', 0, 0, 0, '2020-10-14 12:58:46', NULL),
(15, 2, '1', 'EMP-123355', 'چاپگر تک کاره HP M102a15', 'HP-M102a.png', 'چاپگر تک کاره HP M102a', 'HP LaserJet Pro M102a', 'چاپگر-تک-کاره-HP-M102a', 'فروش و قیمت کالا اچ پی در فروشگاه امداد آی تی ، مدل اچ پی لیزری M102a , خرید پرینتر لیزری اچ پی HP LaserJet Pro M102a ', 0, 0, 0, '2020-10-15 12:58:46', NULL),
(16, 2, '1', 'EMP-123355', 'چاپگر تک کاره HP M102a16', 'HP-M102a.png', 'چاپگر تک کاره HP M102a', 'HP LaserJet Pro M102a', 'چاپگر-تک-کاره-HP-M102a', 'فروش و قیمت کالا اچ پی در فروشگاه امداد آی تی ، مدل اچ پی لیزری M102a , خرید پرینتر لیزری اچ پی HP LaserJet Pro M102a ', 0, 0, 0, '2020-10-16 12:58:46', NULL),
(17, 9, '2', 'EMP-452488', 'لپ تاپ 15 اینچی لنوو مدل Ideapad 330 - MR', 'lenovo-Ideapad-330-MR.png', 'لپ تاپ 15 اینچی لنوو مدل Ideapad 330 - MR', 'Lenovo Ideapad 330 - MR - 15Inch Laptop', 'لپ تاپ 15 اینچی لنوو مدل Ideapad 330 - MR', '', 0, 0, 0, '2020-10-17 13:21:18', NULL),
(18, 9, '2', 'EMP-452488', 'لپ تاپ 15 اینچی لنوو مدل Ideapad 330 - MR', 'lenovo-Ideapad-330-MR.png', 'لپ تاپ 15 اینچی لنوو مدل Ideapad 330 - MR', 'Lenovo Ideapad 330 - MR - 15Inch Laptop', 'لپ تاپ 15 اینچی لنوو مدل Ideapad 330 - MR', '', 0, 0, 0, '2020-10-17 13:21:18', NULL),
(19, 9, '2', 'EMP-452488', 'لپ تاپ 15 اینچی لنوو مدل Ideapad 330 - MR', 'lenovo-Ideapad-330-MR.png', 'لپ تاپ 15 اینچی لنوو مدل Ideapad 330 - MR', 'Lenovo Ideapad 330 - MR - 15Inch Laptop', 'لپ تاپ 15 اینچی لنوو مدل Ideapad 330 - MR', '', 0, 0, 0, '2020-10-17 13:21:18', NULL),
(20, 9, '2', 'EMP-452488', 'لپ تاپ 15 اینچی لنوو مدل Ideapad 330 - MR', 'lenovo-Ideapad-330-MR.png', 'لپ تاپ 15 اینچی لنوو مدل Ideapad 330 - MR', 'Lenovo Ideapad 330 - MR - 15Inch Laptop', 'لپ تاپ 15 اینچی لنوو مدل Ideapad 330 - MR', '', 0, 0, 0, '2020-10-17 13:21:18', NULL),
(21, 9, '2', 'EMP-452488', 'لپ تاپ 15 اینچی لنوو مدل Ideapad 330 - MR', 'lenovo-Ideapad-330-MR.png', 'لپ تاپ 15 اینچی لنوو مدل Ideapad 330 - MR', 'Lenovo Ideapad 330 - MR - 15Inch Laptop', 'لپ تاپ 15 اینچی لنوو مدل Ideapad 330 - MR', '', 0, 0, 0, '2020-10-17 13:21:18', NULL),
(22, 9, '2', 'EMP-452488', 'لپ تاپ 15 اینچی لنوو مدل Ideapad 330 - MR', 'lenovo-Ideapad-330-MR.png', 'لپ تاپ 15 اینچی لنوو مدل Ideapad 330 - MR', 'Lenovo Ideapad 330 - MR - 15Inch Laptop', 'لپ تاپ 15 اینچی لنوو مدل Ideapad 330 - MR', '', 0, 0, 0, '2020-10-17 13:21:18', NULL),
(23, 10, '3', '', 'گوشی موبایل سامسونگ مدل Galaxy A21S SM-A217F/DS دو سیم‌کارت ظرفیت 64 گیگابایت', 'Samsung-Galaxy-A21s-Dual-SIM-64GB-4GB.jpg', 'گوشی موبایل سامسونگ مدل Galaxy A21S SM-A217F/DS دو سیم‌کارت ظرفیت 64 گیگابایت', '', 'لپ تاپ 15 اینچی لنوو مدل Ideapad 330 - MR', '', 0, 0, 0, '2020-10-18 11:42:53', NULL),
(24, 10, '3', '', 'گوشی موبایل سامسونگ مدل Galaxy A21S SM-A217F/DS دو سیم‌کارت ظرفیت 64 گیگابایت', 'Samsung-Galaxy-A21s-Dual-SIM-64GB-4GB.jpg', 'گوشی موبایل سامسونگ مدل Galaxy A21S SM-A217F/DS دو سیم‌کارت ظرفیت 64 گیگابایت', '', 'لپ تاپ 15 اینچی لنوو مدل Ideapad 330 - MR', '', 0, 0, 0, '2020-10-18 11:42:53', NULL),
(25, 10, '3', '', 'گوشی موبایل سامسونگ مدل Galaxy A21S SM-A217F/DS دو سیم‌کارت ظرفیت 64 گیگابایت', 'Samsung-Galaxy-A21s-Dual-SIM-64GB-4GB.jpg', 'گوشی موبایل سامسونگ مدل Galaxy A21S SM-A217F/DS دو سیم‌کارت ظرفیت 64 گیگابایت', '', 'لپ تاپ 15 اینچی لنوو مدل Ideapad 330 - MR', '', 0, 0, 0, '2020-10-18 11:42:53', NULL),
(26, 10, '3', '', 'گوشی موبایل سامسونگ مدل Galaxy A21S SM-A217F/DS دو سیم‌کارت ظرفیت 64 گیگابایت', 'Samsung-Galaxy-A21s-Dual-SIM-64GB-4GB.jpg', 'گوشی موبایل سامسونگ مدل Galaxy A21S SM-A217F/DS دو سیم‌کارت ظرفیت 64 گیگابایت', '', 'لپ تاپ 15 اینچی لنوو مدل Ideapad 330 - MR', '', 0, 0, 0, '2020-10-18 11:42:53', NULL),
(27, 10, '3', '', 'گوشی موبایل سامسونگ مدل Galaxy A21S SM-A217F/DS دو سیم‌کارت ظرفیت 64 گیگابایت', 'Samsung-Galaxy-A21s-Dual-SIM-64GB-4GB.jpg', 'گوشی موبایل سامسونگ مدل Galaxy A21S SM-A217F/DS دو سیم‌کارت ظرفیت 64 گیگابایت', '', 'لپ تاپ 15 اینچی لنوو مدل Ideapad 330 - MR', '', 0, 0, 0, '2020-10-18 11:42:53', NULL),
(28, 10, '3', '', 'گوشی موبایل سامسونگ مدل Galaxy A21S SM-A217F/DS دو سیم‌کارت ظرفیت 64 گیگابایت', 'Samsung-Galaxy-A21s-Dual-SIM-64GB-4GB.jpg', 'گوشی موبایل سامسونگ مدل Galaxy A21S SM-A217F/DS دو سیم‌کارت ظرفیت 64 گیگابایت', '', 'لپ تاپ 15 اینچی لنوو مدل Ideapad 330 - MR', '', 0, 0, 0, '2020-10-18 11:42:53', NULL),
(29, 11, '4', '', 'مودم روتر ADSL2 Plus بی‌سیم N300 تی پی-لینک مدل TD-W8961N_V1', 'tp-link-8961n.png', 'مودم روتر ADSL2 Plus بی‌سیم N300 تی پی-لینک مدل TD-W8961N_V1', '', 'لپ تاپ 15 اینچی لنوو مدل Ideapad 330 - MR', '', 0, 0, 0, '2020-10-18 12:09:13', NULL),
(30, 11, '4', '', 'مودم روتر ADSL2 Plus بی‌سیم N300 تی پی-لینک مدل TD-W8961N_V1', 'tp-link-8961n.png', 'مودم روتر ADSL2 Plus بی‌سیم N300 تی پی-لینک مدل TD-W8961N_V1', '', 'لپ تاپ 15 اینچی لنوو مدل Ideapad 330 - MR', '', 0, 0, 0, '2020-10-18 12:09:13', NULL),
(31, 11, '4', '', 'مودم روتر ADSL2 Plus بی‌سیم N300 تی پی-لینک مدل TD-W8961N_V1', 'tp-link-8961n.png', 'مودم روتر ADSL2 Plus بی‌سیم N300 تی پی-لینک مدل TD-W8961N_V1', '', 'لپ تاپ 15 اینچی لنوو مدل Ideapad 330 - MR', '', 0, 0, 0, '2020-10-18 12:09:42', NULL),
(32, 11, '4', '', 'مودم روتر ADSL2 Plus بی‌سیم N300 تی پی-لینک مدل TD-W8961N_V1', 'tp-link-8961n.png', 'مودم روتر ADSL2 Plus بی‌سیم N300 تی پی-لینک مدل TD-W8961N_V1', '', 'لپ تاپ 15 اینچی لنوو مدل Ideapad 330 - MR', '', 0, 0, 0, '2020-10-18 12:09:42', NULL),
(33, 11, '4', '', 'مودم روتر ADSL2 Plus بی‌سیم N300 تی پی-لینک مدل TD-W8961N_V1', 'tp-link-8961n.png', 'مودم روتر ADSL2 Plus بی‌سیم N300 تی پی-لینک مدل TD-W8961N_V1', '', 'لپ تاپ 15 اینچی لنوو مدل Ideapad 330 - MR', '', 0, 0, 0, '2020-10-18 12:10:08', NULL),
(34, 11, '4', '', 'مودم روتر ADSL2 Plus بی‌سیم N300 تی پی-لینک مدل TD-W8961N_V1', 'tp-link-8961n.png', 'مودم روتر ADSL2 Plus بی‌سیم N300 تی پی-لینک مدل TD-W8961N_V1', '', 'لپ تاپ 15 اینچی لنوو مدل Ideapad 330 - MR', '', 0, 0, 0, '2020-10-18 12:10:08', NULL),
(35, 3, '5', '', 'اسکنر کنون Canon LIDE 300', 'Canon-Lide-300.png', 'اسکنر کنون Canon LIDE 300', '', 'لپ تاپ 15 اینچی لنوو مدل Ideapad 330 - MR', '', 0, 0, 0, '2020-10-19 16:28:41', NULL);

-- --------------------------------------------------------

--
-- Table structure for table `product_brands`
--

CREATE TABLE `product_brands` (
  `id` int(20) NOT NULL,
  `cat_id` int(20) NOT NULL,
  `name` varchar(255) COLLATE utf8_persian_ci NOT NULL,
  `image_source` varchar(255) COLLATE utf8_persian_ci NOT NULL,
  `created_at` timestamp NOT NULL DEFAULT CURRENT_TIMESTAMP,
  `updated_at` timestamp NULL DEFAULT NULL
) ENGINE=InnoDB DEFAULT CHARSET=utf8 COLLATE=utf8_persian_ci;

--
-- Dumping data for table `product_brands`
--

INSERT INTO `product_brands` (`id`, `cat_id`, `name`, `image_source`, `created_at`, `updated_at`) VALUES
(1, 2, 'HP', 'HP.png', '2020-10-16 13:04:17', NULL),
(2, 9, 'Lenovo', '', '2020-10-17 13:18:51', NULL),
(3, 10, 'SAMSUNG', '', '2020-10-18 11:35:38', NULL),
(4, 11, 'TP-LINK', '', '2020-10-18 11:35:38', NULL),
(5, 3, 'Canon', '', '2020-10-19 16:28:01', NULL);

-- --------------------------------------------------------

--
-- Table structure for table `product_cart`
--

CREATE TABLE `product_cart` (
  `pc_id` int(11) NOT NULL,
  `pc_user_id` int(22) NOT NULL,
  `pc_price_id` bigint(20) NOT NULL,
  `pc_product_id` int(22) NOT NULL,
  `pc_cart_type` varchar(45) COLLATE utf8_persian_ci NOT NULL DEFAULT 'cart',
  `created_at` timestamp NOT NULL DEFAULT CURRENT_TIMESTAMP,
  `updated_at` timestamp NOT NULL DEFAULT '0000-00-00 00:00:00'
) ENGINE=InnoDB DEFAULT CHARSET=utf8 COLLATE=utf8_persian_ci;

--
-- Dumping data for table `product_cart`
--

INSERT INTO `product_cart` (`pc_id`, `pc_user_id`, `pc_price_id`, `pc_product_id`, `pc_cart_type`, `created_at`, `updated_at`) VALUES
(39, 24, 6, 11, 'cart', '2020-11-16 04:17:25', '2020-11-16 04:17:25'),
(41, 24, 3, 14, 'cart', '2020-11-16 04:17:41', '2020-11-16 04:17:41'),
(43, 24, 6, 11, 'fav', '2020-11-16 09:27:47', '2020-11-16 09:27:47'),
(44, 24, 8, 9, 'fav', '2020-11-16 11:02:35', '2020-11-16 11:02:35'),
(45, 24, 11, 6, 'fav', '2020-11-16 11:02:45', '2020-11-16 11:02:45'),
(46, 24, 34, 18, 'fav', '2020-11-17 03:09:28', '2020-11-17 03:09:28');

-- --------------------------------------------------------

--
-- Table structure for table `product_category`
--

CREATE TABLE `product_category` (
  `id` int(20) NOT NULL,
  `name` varchar(255) COLLATE utf8_persian_ci NOT NULL,
  `slug` varchar(255) COLLATE utf8_persian_ci DEFAULT NULL,
  `meta_desc` longtext COLLATE utf8_persian_ci,
  `parent` int(20) NOT NULL,
  `image_source` varchar(255) COLLATE utf8_persian_ci NOT NULL,
  `created_at` timestamp NOT NULL DEFAULT CURRENT_TIMESTAMP,
  `updated_at` timestamp NULL DEFAULT NULL
) ENGINE=InnoDB DEFAULT CHARSET=utf8 COLLATE=utf8_persian_ci;

--
-- Dumping data for table `product_category`
--

INSERT INTO `product_category` (`id`, `name`, `slug`, `meta_desc`, `parent`, `image_source`, `created_at`, `updated_at`) VALUES
(1, 'ماشین های اداری', 'ماشین های اداری تبریز', NULL, 0, 'def.png', '2020-10-14 13:33:15', NULL),
(2, 'پرینتر', NULL, NULL, 1, 'def.png', '2020-10-14 13:33:15', NULL),
(3, 'اسکنر', NULL, NULL, 1, 'def.png', '2020-10-14 13:33:45', NULL),
(4, 'فکس', NULL, NULL, 1, 'def.png', '2020-10-14 13:33:45', NULL),
(5, 'پلاتر', NULL, NULL, 1, 'def.png', '2020-10-14 13:37:41', NULL),
(6, 'لپ تاپ و کامپیوتر', NULL, NULL, 0, 'def.png', '2020-10-14 13:37:41', NULL),
(7, 'موبایل و لوازم جانبی', NULL, NULL, 0, 'def.png', '2020-10-14 13:38:25', NULL),
(8, 'شبکه و تجهیزات', NULL, NULL, 0, 'def.png', '2020-10-14 13:38:25', NULL),
(9, 'لپ تاپ', NULL, NULL, 6, 'def.png', '2020-10-17 13:18:14', NULL),
(10, 'موبایل', NULL, NULL, 7, 'def.png', '2020-10-18 10:02:42', NULL),
(11, 'مودم Adsl', NULL, NULL, 8, 'def.png', '2020-10-18 10:03:12', NULL);

-- --------------------------------------------------------

--
-- Table structure for table `product_colors`
--

CREATE TABLE `product_colors` (
  `id` int(22) NOT NULL,
  `product_price_id` int(22) NOT NULL,
  `product_id` int(22) NOT NULL,
  `color` int(22) NOT NULL,
  `price` varchar(255) COLLATE utf8_persian_ci NOT NULL,
  `created_at` timestamp NOT NULL DEFAULT CURRENT_TIMESTAMP,
  `updated_at` timestamp NOT NULL DEFAULT '0000-00-00 00:00:00'
) ENGINE=InnoDB DEFAULT CHARSET=utf8 COLLATE=utf8_persian_ci;

-- --------------------------------------------------------

--
-- Table structure for table `product_images`
--

CREATE TABLE `product_images` (
  `id` int(11) NOT NULL,
  `pro_id` int(11) NOT NULL,
  `image_source` varchar(255) COLLATE utf8_persian_ci NOT NULL,
  `image_index` tinyint(1) NOT NULL DEFAULT '0',
  `created_at` timestamp NOT NULL DEFAULT CURRENT_TIMESTAMP,
  `updated_at` timestamp NOT NULL DEFAULT '0000-00-00 00:00:00'
) ENGINE=InnoDB DEFAULT CHARSET=utf8 COLLATE=utf8_persian_ci;

--
-- Dumping data for table `product_images`
--

INSERT INTO `product_images` (`id`, `pro_id`, `image_source`, `image_index`, `created_at`, `updated_at`) VALUES
(1, 1, 'HP-M102a.png', 1, '2020-10-16 13:55:39', '0000-00-00 00:00:00'),
(2, 2, 'HP-M102a.png', 1, '2020-10-16 13:55:39', '0000-00-00 00:00:00'),
(3, 3, 'HP-M102a.png', 1, '2020-10-16 13:55:39', '0000-00-00 00:00:00'),
(4, 4, 'HP-M102a.png', 1, '2020-10-16 13:55:39', '0000-00-00 00:00:00'),
(5, 5, 'HP-M102a.png', 1, '2020-10-16 13:55:39', '0000-00-00 00:00:00'),
(6, 6, 'HP-M102a.png', 1, '2020-10-16 13:55:39', '0000-00-00 00:00:00'),
(7, 7, 'HP-M102a.png', 1, '2020-10-16 13:55:39', '0000-00-00 00:00:00'),
(8, 8, 'HP-M102a.png', 1, '2020-10-16 13:55:39', '0000-00-00 00:00:00'),
(9, 9, 'HP-M102a.png', 1, '2020-10-16 13:55:39', '0000-00-00 00:00:00'),
(10, 10, 'HP-M102a.png', 1, '2020-10-16 13:55:39', '0000-00-00 00:00:00'),
(11, 11, 'HP-M102a.png', 1, '2020-10-16 13:55:39', '0000-00-00 00:00:00'),
(12, 12, 'HP-M102a.png', 1, '2020-10-16 13:55:39', '0000-00-00 00:00:00'),
(13, 13, 'HP-M102a.png', 1, '2020-10-16 13:55:39', '0000-00-00 00:00:00'),
(14, 14, 'HP-M102a.png', 1, '2020-10-16 13:55:39', '0000-00-00 00:00:00'),
(15, 15, 'HP-M102a.png', 1, '2020-10-16 13:55:39', '0000-00-00 00:00:00'),
(16, 16, 'HP-M102a.png', 1, '2020-10-16 13:55:39', '0000-00-00 00:00:00'),
(17, 16, 'HP-M102a.png', 0, '2020-10-16 13:55:39', '0000-00-00 00:00:00'),
(18, 17, 'lenovo-Ideapad-330-MR.png', 1, '2020-10-17 13:25:03', '0000-00-00 00:00:00'),
(19, 18, 'lenovo-Ideapad-330-MR.png', 1, '2020-10-17 13:25:03', '0000-00-00 00:00:00'),
(20, 19, 'lenovo-Ideapad-330-MR.png', 1, '2020-10-17 13:25:03', '0000-00-00 00:00:00'),
(21, 20, 'lenovo-Ideapad-330-MR.png', 1, '2020-10-17 13:25:03', '0000-00-00 00:00:00'),
(22, 21, 'lenovo-Ideapad-330-MR.png', 1, '2020-10-17 13:25:03', '0000-00-00 00:00:00'),
(23, 22, 'lenovo-Ideapad-330-MR.png', 1, '2020-10-17 13:25:03', '0000-00-00 00:00:00'),
(24, 23, 'Samsung-Galaxy-A21s-Dual-SIM-64GB-4GB.jpg', 1, '2020-10-18 11:56:36', '0000-00-00 00:00:00'),
(25, 24, 'Samsung-Galaxy-A21s-Dual-SIM-64GB-4GB.jpg', 1, '2020-10-18 11:56:36', '0000-00-00 00:00:00'),
(26, 25, 'Samsung-Galaxy-A21s-Dual-SIM-64GB-4GB.jpg', 1, '2020-10-18 11:56:54', '0000-00-00 00:00:00'),
(27, 26, 'Samsung-Galaxy-A21s-Dual-SIM-64GB-4GB.jpg', 1, '2020-10-18 11:56:54', '0000-00-00 00:00:00'),
(28, 27, 'Samsung-Galaxy-A21s-Dual-SIM-64GB-4GB.jpg', 1, '2020-10-18 11:57:09', '0000-00-00 00:00:00'),
(29, 28, 'Samsung-Galaxy-A21s-Dual-SIM-64GB-4GB.jpg', 1, '2020-10-18 11:57:09', '0000-00-00 00:00:00'),
(30, 29, 'tp-link-8961n.png', 1, '2020-10-18 12:25:55', '0000-00-00 00:00:00'),
(31, 30, 'tp-link-8961n.png', 1, '2020-10-18 12:25:55', '0000-00-00 00:00:00'),
(32, 31, 'tp-link-8961n.png', 1, '2020-10-18 12:25:55', '0000-00-00 00:00:00'),
(33, 32, 'tp-link-8961n.png', 1, '2020-10-18 12:25:55', '0000-00-00 00:00:00'),
(34, 33, 'tp-link-8961n.png', 1, '2020-10-18 12:25:55', '0000-00-00 00:00:00'),
(35, 34, 'tp-link-8961n.png', 1, '2020-10-18 12:25:55', '0000-00-00 00:00:00'),
(36, 35, 'Canon-Lide-300.png', 1, '2020-10-19 16:31:16', '0000-00-00 00:00:00'),
(37, 11, 'HP-M102a.png', 0, '2020-10-16 13:55:39', '0000-00-00 00:00:00'),
(38, 11, 'HP-M102a.png', 0, '2020-10-16 13:55:39', '0000-00-00 00:00:00');

-- --------------------------------------------------------

--
-- Table structure for table `product_orders`
--

CREATE TABLE `product_orders` (
  `po_id` bigint(20) NOT NULL,
  `po_user_id` int(22) NOT NULL,
  `po_order_id` varchar(255) COLLATE utf8_persian_ci NOT NULL,
  `po_addrees_send` text COLLATE utf8_persian_ci NOT NULL,
  `po_name_receiver` varchar(255) COLLATE utf8_persian_ci NOT NULL,
  `po_phone_receiver` varchar(255) COLLATE utf8_persian_ci NOT NULL,
  `po_price_purchased` varchar(255) COLLATE utf8_persian_ci NOT NULL,
  `po_date_purchased` datetime NOT NULL,
  `po_date_delivery` datetime NOT NULL,
  `po_shipping_cost` varchar(255) COLLATE utf8_persian_ci NOT NULL,
  `po_status` int(1) NOT NULL DEFAULT '0',
  `created_at` timestamp NOT NULL DEFAULT CURRENT_TIMESTAMP,
  `updated_at` timestamp NOT NULL DEFAULT '0000-00-00 00:00:00'
) ENGINE=InnoDB DEFAULT CHARSET=utf8 COLLATE=utf8_persian_ci;

-- --------------------------------------------------------

--
-- Table structure for table `product_orders_relation`
--

CREATE TABLE `product_orders_relation` (
  `por_id` int(22) NOT NULL,
  `por_po_id` bigint(20) NOT NULL,
  `por_product_id` bigint(20) NOT NULL,
  `por_price_id` bigint(20) NOT NULL,
  `por_price` varchar(255) COLLATE utf8_persian_ci DEFAULT NULL,
  `por_discount_status` int(1) DEFAULT NULL,
  `por_discount_price` varchar(255) COLLATE utf8_persian_ci DEFAULT NULL,
  `por_discount_percent` varchar(255) COLLATE utf8_persian_ci DEFAULT NULL,
  `por_warranty_date` varchar(255) COLLATE utf8_persian_ci DEFAULT NULL,
  `por_warranty_name` varchar(255) COLLATE utf8_persian_ci DEFAULT NULL,
  `created_at` timestamp NOT NULL DEFAULT CURRENT_TIMESTAMP,
  `updated_at` timestamp NOT NULL DEFAULT '0000-00-00 00:00:00'
) ENGINE=InnoDB DEFAULT CHARSET=utf8 COLLATE=utf8_persian_ci;

-- --------------------------------------------------------

--
-- Table structure for table `product_prices`
--

CREATE TABLE `product_prices` (
  `id` bigint(20) NOT NULL,
  `price_pro_id` bigint(20) NOT NULL,
  `price` varchar(255) COLLATE utf8_persian_ci NOT NULL,
  `amazing_status` int(1) DEFAULT '0',
  `amazing_price` varchar(255) COLLATE utf8_persian_ci DEFAULT '0',
  `amazing_percent` varchar(255) COLLATE utf8_persian_ci NOT NULL DEFAULT '0%',
  `discount_status` int(1) DEFAULT '0',
  `discount_price` varchar(255) COLLATE utf8_persian_ci DEFAULT '0',
  `discount_percent` varchar(255) COLLATE utf8_persian_ci NOT NULL DEFAULT '0%',
  `warranty_name` varchar(255) COLLATE utf8_persian_ci NOT NULL,
  `warranty_date` varchar(255) COLLATE utf8_persian_ci NOT NULL,
  `color` varchar(255) COLLATE utf8_persian_ci DEFAULT NULL,
  `more_color` tinyint(1) NOT NULL DEFAULT '0',
  `inventory` int(20) NOT NULL DEFAULT '0',
  `sells_count` int(20) NOT NULL DEFAULT '0',
  `created_at` timestamp NOT NULL DEFAULT CURRENT_TIMESTAMP,
  `updated_at` timestamp NULL DEFAULT NULL
) ENGINE=InnoDB DEFAULT CHARSET=utf8 COLLATE=utf8_persian_ci;

--
-- Dumping data for table `product_prices`
--

INSERT INTO `product_prices` (`id`, `price_pro_id`, `price`, `amazing_status`, `amazing_price`, `amazing_percent`, `discount_status`, `discount_price`, `discount_percent`, `warranty_name`, `warranty_date`, `color`, `more_color`, `inventory`, `sells_count`, `created_at`, `updated_at`) VALUES
(1, 16, '3.149.000', 0, '0', '0%', 1, '3.050.000', '15%', 'سدرا سرویس', '2 ساله', '0', 0, 5, 0, '2020-10-16 14:21:05', NULL),
(2, 15, '3.149.000', 0, '0', '0%', 1, '3.050.000', '15%', 'سدرا سرویس', '2 ساله', '0', 0, 5, 0, '2020-10-16 14:21:05', NULL),
(3, 14, '3.149.000', 0, '0', '0%', 1, '3.050.000', '15%', 'سدرا سرویس', '2 ساله', '0', 0, 5, 0, '2020-10-16 14:21:05', NULL),
(4, 13, '3.149.000', 0, '0', '0%', 0, '0', '0%', 'سدرا سرویس', '2 ساله', '0', 0, 5, 0, '2020-10-16 14:21:05', NULL),
(5, 12, '3.149.000', 0, '0', '0%', 0, '0', '0%', 'سدرا سرویس', '2 ساله', '0', 0, 5, 0, '2020-10-16 14:21:05', NULL),
(6, 11, '3.149.000', 1, '2.500.000', '40%', 0, '0', '0%', 'سدرا سرویس', '2 ساله', '0', 0, 0, 0, '2020-10-16 14:21:05', NULL),
(7, 10, '3.149.000', 1, '2.500.000', '40%', 0, '0', '0%', 'سدرا سرویس', '2 ساله', '0', 0, 5, 0, '2020-10-16 14:21:05', NULL),
(8, 9, '3.149.000', 1, '2.500.000', '40%', 0, '0', '0%', 'سدرا سرویس', '2 ساله', '0', 0, 5, 0, '2020-10-16 14:21:05', NULL),
(9, 8, '3.149.000', 1, '2.500.000', '40%', 0, '0', '0%', 'سدرا سرویس', '2 ساله', '0', 0, 5, 0, '2020-10-16 14:21:05', NULL),
(10, 7, '3.149.000', 1, '2.500.000', '40%', 0, '0', '0%', 'سدرا سرویس', '2 ساله', '0', 0, 5, 0, '2020-10-16 14:21:05', NULL),
(11, 6, '3.149.000', 1, '2.500.000', '40%', 0, '0', '0%', 'سدرا سرویس', '2 ساله', '0', 0, 5, 0, '2020-10-16 14:21:05', NULL),
(12, 5, '3.149.000', 1, '2.500.000', '40%', 0, '0', '0%', 'سدرا سرویس', '2 ساله', '0', 0, 5, 0, '2020-10-16 14:21:05', NULL),
(13, 4, '3.149.000', 0, '0', '0%', 1, '3.050.000', '15%', 'سدرا سرویس', '2 ساله', '0', 0, 5, 0, '2020-10-16 14:21:05', NULL),
(14, 3, '3.149.000', 0, '0', '0%', 1, '3.050.000', '15%', 'سدرا سرویس', '2 ساله', '0', 0, 5, 0, '2020-10-16 14:21:05', NULL),
(15, 2, '3.149.000', 0, '0', '0%', 1, '3.050.000', '15%', 'سدرا سرویس', '2 ساله', '0', 0, 5, 0, '2020-10-16 14:21:05', NULL),
(16, 1, '3.149.000', 0, '0', '0%', 1, '3.050.000', '15%', 'سدرا سرویس', '2 ساله', '0', 0, 5, 0, '2020-10-16 14:21:05', NULL),
(17, 16, '3.148.000', 1, '1.200.000', '50%', 0, '0', '0%', 'سدرا سرویس', '2 ساله', '0', 0, 5, 0, '2020-10-16 14:21:05', NULL),
(18, 15, '3.148.000', 0, '0', '0%', 1, '2.400.000', '25%', 'سدرا سرویس', '2 ساله', '0', 0, 5, 0, '2020-10-16 14:21:05', NULL),
(19, 14, '3.148.000', 0, '0', '0%', 0, '0', '0%', 'سدرا سرویس', '2 ساله', '0', 0, 5, 0, '2020-10-16 14:21:05', NULL),
(20, 13, '3.148.000', 0, '0', '0%', 0, '0', '0%', 'سدرا سرویس', '2 ساله', '0', 0, 5, 0, '2020-10-16 14:21:05', NULL),
(21, 12, '3.148.000', 0, '0', '0%', 0, '0', '0%', 'سدرا سرویس', '2 ساله', '0', 0, 5, 0, '2020-10-16 14:21:05', NULL),
(22, 11, '3.148.000', 0, '0', '0%', 0, '0', '0%', 'سدرا سرویس', '2 ساله', '0', 0, 5, 0, '2020-10-16 14:21:05', NULL),
(23, 10, '3.148.000', 0, '0', '0%', 0, '0', '0%', 'سدرا سرویس', '2 ساله', '0', 0, 5, 0, '2020-10-16 14:21:05', NULL),
(24, 9, '3.148.000', 0, '0', '0%', 0, '0', '0%', 'سدرا سرویس', '2 ساله', '0', 0, 5, 0, '2020-10-16 14:21:05', NULL),
(25, 8, '3.148.000', 0, '0', '0%', 0, '0', '0%', 'سدرا سرویس', '2 ساله', '0', 0, 5, 0, '2020-10-16 14:21:05', NULL),
(26, 7, '3.148.000', 0, '0', '0%', 0, '0', '0%', 'سدرا سرویس', '2 ساله', '0', 0, 5, 0, '2020-10-16 14:21:05', NULL),
(27, 6, '3.148.000', 0, '0', '0%', 0, '0', '0%', 'سدرا سرویس', '2 ساله', '0', 0, 5, 0, '2020-10-16 14:21:05', NULL),
(28, 5, '3.148.000', 0, '0', '0%', 0, '0', '0%', 'سدرا سرویس', '2 ساله', '0', 0, 5, 0, '2020-10-16 14:21:05', NULL),
(29, 4, '3.148.000', 0, '0', '0%', 0, '0', '0%', 'سدرا سرویس', '2 ساله', '0', 0, 5, 0, '2020-10-16 14:21:05', NULL),
(30, 3, '3.148.000', 0, '0', '0%', 0, '0', '0%', 'سدرا سرویس', '2 ساله', '0', 0, 5, 0, '2020-10-16 14:21:05', NULL),
(31, 2, '3.148.000', 0, '0', '0%', 0, '0', '0%', 'سدرا سرویس', '2 ساله', '0', 0, 5, 0, '2020-10-16 14:21:05', NULL),
(32, 1, '3.148.000', 0, '0', '0%', 0, '0', '0%', 'سدرا سرویس', '2 ساله', '0', 0, 5, 0, '2020-10-16 14:21:05', NULL),
(33, 17, '26.000.000', 0, '0', '0%', 0, '0', '0%', 'سازگار', '18 ماه', '1', 0, 0, 0, '2020-10-17 13:27:03', NULL),
(34, 18, '26.000.000', 0, '0', '0%', 0, '0', '0%', 'سازگار', '18 ماه', '1', 0, 0, 0, '2020-10-17 13:27:03', NULL),
(35, 19, '26.000.000', 0, '0', '0%', 0, '0', '0%', 'سازگار', '18 ماه', '1', 0, 0, 0, '2020-10-17 13:27:03', NULL),
(36, 20, '26.000.000', 0, '0', '0%', 0, '0', '0%', 'سازگار', '18 ماه', '1', 0, 0, 0, '2020-10-17 13:27:03', NULL),
(37, 21, '26.000.000', 0, '0', '0%', 0, '0', '0%', 'سازگار', '18 ماه', '1', 0, 0, 0, '2020-10-17 13:27:03', NULL),
(38, 22, '26.000.000', 0, '0', '0%', 0, '0', '0%', 'سازگار', '18 ماه', '1', 0, 0, 0, '2020-10-17 13:27:03', NULL),
(39, 23, '6.158.000', 0, '0', '0%', 0, '0', '0%', 'داریا همراه پایتخت', '18 ماهه', NULL, 0, 5, 0, '2020-10-18 11:47:04', NULL),
(40, 24, '6.158.000', 0, '0', '0%', 0, '0', '0%', 'داریا همراه پایتخت', '18 ماهه', NULL, 0, 0, 0, '2020-10-18 11:47:04', NULL),
(41, 25, '6.158.000', 0, '0', '0%', 0, '0', '0%', 'داریا همراه پایتخت', '18 ماهه', NULL, 0, 5, 0, '2020-10-18 11:47:04', NULL),
(42, 26, '6.158.000', 0, '0', '0%', 0, '0', '0%', 'داریا همراه پایتخت', '18 ماهه', NULL, 0, 0, 0, '2020-10-18 11:47:04', NULL),
(43, 27, '6.158.000', 0, '0', '0%', 0, '0', '0%', 'داریا همراه پایتخت', '18 ماهه', NULL, 0, 5, 0, '2020-10-18 11:47:04', NULL),
(44, 28, '6.158.000', 0, '0', '0%', 0, '0', '0%', 'داریا همراه پایتخت', '18 ماهه', NULL, 0, 0, 0, '2020-10-18 11:47:04', NULL),
(45, 29, '755.000', 0, '0', '0%', 0, '0', '0%', 'پارس ارتباط', '36 ماهه', NULL, 0, 0, 0, '2020-10-18 12:20:24', NULL),
(46, 30, '755.000', 0, '0', '0%', 0, '0', '0%', 'پارس ارتباط', '36 ماهه', NULL, 0, 0, 0, '2020-10-18 12:20:24', NULL),
(47, 31, '755.000', 0, '0', '0%', 0, '0', '0%', 'پارس ارتباط', '36 ماهه', NULL, 0, 0, 0, '2020-10-18 12:20:24', NULL),
(48, 32, '755.000', 0, '0', '0%', 0, '0', '0%', 'پارس ارتباط', '36 ماهه', NULL, 0, 0, 0, '2020-10-18 12:20:24', NULL),
(49, 33, '755.000', 0, '0', '0%', 0, '0', '0%', 'پارس ارتباط', '36 ماهه', NULL, 0, 0, 0, '2020-10-18 12:20:24', NULL),
(50, 34, '755.000', 0, '0', '0%', 0, '0', '0%', 'پارس ارتباط', '36 ماهه', NULL, 0, 0, 0, '2020-10-18 12:20:24', NULL),
(51, 35, '2.299.000', 0, '0', '0%', 0, '0', '0%', 'شیلد سرویس', '18 ماهه', NULL, 0, 0, 0, '2020-10-19 16:32:07', NULL);

-- --------------------------------------------------------

--
-- Table structure for table `product_property_key`
--

CREATE TABLE `product_property_key` (
  `id` bigint(20) NOT NULL,
  `cat_id` int(20) NOT NULL,
  `name` varchar(255) COLLATE utf8_persian_ci NOT NULL,
  `parent` bigint(20) NOT NULL DEFAULT '0',
  `levels` int(20) NOT NULL,
  `created_at` timestamp NOT NULL DEFAULT CURRENT_TIMESTAMP,
  `updated_at` timestamp NULL DEFAULT NULL
) ENGINE=InnoDB DEFAULT CHARSET=utf8 COLLATE=utf8_persian_ci;

--
-- Dumping data for table `product_property_key`
--

INSERT INTO `product_property_key` (`id`, `cat_id`, `name`, `parent`, `levels`, `created_at`, `updated_at`) VALUES
(1, 2, 'مشخصات کلی', 0, 1, '2020-10-24 15:18:08', NULL),
(2, 2, 'کاغذ', 0, 2, '2020-10-24 15:18:08', NULL),
(3, 2, 'چاپ', 0, 3, '2020-10-24 15:18:36', NULL),
(4, 2, 'اسکن', 0, 4, '2020-10-24 15:18:36', NULL),
(5, 2, 'کپی', 0, 5, '2020-10-24 15:18:44', NULL),
(6, 2, 'ابعاد', 1, 1, '2020-10-24 15:19:38', NULL),
(7, 2, 'وزن', 1, 1, '2020-10-24 15:19:38', NULL),
(8, 2, 'تکنولوژی چاپ', 1, 1, '2020-10-24 15:20:05', NULL),
(9, 2, 'کاربری', 1, 1, '2020-10-24 15:20:05', NULL),
(10, 2, 'سایز کاغذ قابل استفاده', 2, 2, '2020-10-24 15:21:10', NULL),
(11, 2, 'نوع کاغذ قابل استفاده', 2, 2, '2020-10-24 15:21:10', NULL),
(12, 2, 'نوع چاپ', 3, 3, '2020-10-24 15:21:49', NULL),
(13, 2, 'سرعت چاپ سیاه و سفید', 3, 3, '2020-10-24 15:21:49', NULL),
(14, 2, 'اسکنر', 4, 4, '2020-10-24 15:22:27', NULL),
(15, 2, 'رزولوشن اپتیکال اسکنر', 4, 4, '2020-10-24 15:22:27', NULL),
(16, 2, 'کپی', 5, 5, '2020-10-24 15:22:57', NULL),
(17, 2, 'سرعت کپی سیاه و سفید', 5, 5, '2020-10-24 15:22:57', NULL);

-- --------------------------------------------------------

--
-- Table structure for table `product_property_value`
--

CREATE TABLE `product_property_value` (
  `id` bigint(20) NOT NULL,
  `prop_id` bigint(20) NOT NULL,
  `product_id` bigint(20) NOT NULL,
  `value` text COLLATE utf8_persian_ci NOT NULL,
  `created_at` timestamp NOT NULL DEFAULT CURRENT_TIMESTAMP,
  `updated_at` timestamp NULL DEFAULT NULL
) ENGINE=InnoDB DEFAULT CHARSET=utf8 COLLATE=utf8_persian_ci;

--
-- Dumping data for table `product_property_value`
--

INSERT INTO `product_property_value` (`id`, `prop_id`, `product_id`, `value`, `created_at`, `updated_at`) VALUES
(1, 6, 11, '387 × 482 × 398 میلی‌متر', '2020-10-24 15:24:23', NULL),
(2, 7, 11, '9.1 کیلوگرم', '2020-10-24 15:24:23', NULL),
(3, 8, 11, 'چاپ لیزری', '2020-10-24 15:24:58', NULL),
(4, 9, 11, '3 کاره (پرینت، اسکن، کپی)', '2020-10-24 15:24:58', NULL),
(5, 10, 11, 'A4', '2020-10-24 15:25:44', NULL),
(6, 11, 11, 'Paper (laser, plain, photo, rough, vellum), envelopes, labels, cardstock, postcards', '2020-10-24 15:25:44', NULL),
(7, 12, 11, 'تک رنگ', '2020-10-24 15:26:18', NULL),
(8, 13, 11, 'حداکثر 22 برگ در دقیقه', '2020-10-24 15:26:18', NULL),
(9, 14, 11, 'دارد', '2020-10-24 15:26:51', NULL),
(10, 15, 11, '\r\n600 × 600 dpi رنگی - 1200 × 1200 dpi سیاه‌وسفید', '2020-10-24 15:26:51', NULL),
(11, 16, 11, 'دارد', '2020-10-24 15:27:30', NULL),
(12, 17, 11, 'حداکثر 22 کپی در دقیقه', '2020-10-24 15:27:30', NULL);

-- --------------------------------------------------------

--
-- Table structure for table `smsirlaravel_logs`
--

CREATE TABLE `smsirlaravel_logs` (
  `id` int(10) UNSIGNED NOT NULL,
  `from` varchar(100) COLLATE utf8mb4_unicode_ci DEFAULT NULL,
  `to` varchar(100) COLLATE utf8mb4_unicode_ci DEFAULT NULL,
  `message` varchar(500) COLLATE utf8mb4_unicode_ci DEFAULT NULL,
  `status` tinyint(1) DEFAULT NULL,
  `response` varchar(500) COLLATE utf8mb4_unicode_ci DEFAULT NULL,
  `created_at` timestamp NULL DEFAULT NULL,
  `updated_at` timestamp NULL DEFAULT NULL
) ENGINE=InnoDB DEFAULT CHARSET=utf8mb4 COLLATE=utf8mb4_unicode_ci;

--
-- Dumping data for table `smsirlaravel_logs`
--

INSERT INTO `smsirlaravel_logs` (`id`, `from`, `to`, `message`, `status`, `response`, `created_at`, `updated_at`) VALUES
(1, NULL, '09374035603', 'test1', 0, ' سامانه پیامکی شما تایید نشده است', '2019-03-28 11:07:06', '2019-03-28 11:07:06'),
(2, NULL, '09120924699', 'test2', 0, ' سامانه پیامکی شما تایید نشده است', '2019-03-28 11:07:06', '2019-03-28 11:07:06'),
(3, '30004747470459', '09120924699', 'test1', 1, 'ارسال با موفقیت انجام گردید', '2019-03-31 15:18:32', '2019-03-31 15:18:32'),
(4, '30004747470459', '09120924699', 'درخواست جدیدی در سافمانه ثبت شد.', 1, 'ارسال با موفقیت انجام گردید', '2019-03-31 15:18:32', '2019-03-31 15:18:32'),
(5, '30004747470459', '09120924699', 'test1', 1, 'ارسال با موفقیت انجام گردید', '2019-03-31 15:27:52', '2019-03-31 15:27:52'),
(6, '30004747470459', '09120924699', 'درخواست جدیدی در سافمانه ثبت شد.', 1, 'ارسال با موفقیت انجام گردید', '2019-03-31 15:27:52', '2019-03-31 15:27:52'),
(7, '30004747470459', '09120924699', 'مشترک عزیز با سلام  درخواست شما با موفقیت ثبت گردید', 1, 'ارسال با موفقیت انجام گردید', '2019-03-31 15:32:53', '2019-03-31 15:32:53'),
(8, '30004747470459', '09120924699', 'درخواست جدیدی در سافمانه ثبت شد.', 1, 'ارسال با موفقیت انجام گردید', '2019-03-31 15:32:53', '2019-03-31 15:32:53'),
(9, '30004747470459', '09120924699', 'مشترک عزیز با سلام \\r درخواست شما با موفقیت ثبت گردید', 1, 'ارسال با موفقیت انجام گردید', '2019-03-31 15:43:55', '2019-03-31 15:43:55'),
(10, '30004747470459', '09120924699', 'درخواست جدیدی در سافمانه ثبت شد.', 1, 'ارسال با موفقیت انجام گردید', '2019-03-31 15:43:55', '2019-03-31 15:43:55'),
(11, '30004747470459', '09120924699', 'مشترک عزیز با سلام،درخواست شما با موفقیت ثبت گردیدنام کاربری :09120924699و رمز عبور شما :PAEI133', 1, 'ارسال با موفقیت انجام گردید', '2019-03-31 15:59:19', '2019-03-31 15:59:19'),
(12, '30004747470459', '09120924699', 'درخواست جدیدی در سامانه ثبت شد.', 1, 'ارسال با موفقیت انجام گردید', '2019-03-31 15:59:19', '2019-03-31 15:59:19'),
(13, '30004747470459', '09120924699', 'مشترک عزیز با سلام،درخواست شما با موفقیت ثبت گردیدنام کاربری :09120924699و رمز عبور شما :PAEI134', 1, 'ارسال با موفقیت انجام گردید', '2019-03-31 16:01:59', '2019-03-31 16:01:59'),
(14, '30004747470459', '09120924699', 'درخواست جدیدی در سامانه ثبت شد.', 1, 'ارسال با موفقیت انجام گردید', '2019-03-31 16:01:59', '2019-03-31 16:01:59'),
(15, '30004747470459', '09120924699', 'مشترک عزیز با سلام،درخواست شما با موفقیت ثبت گردیدنام کاربری :09120924699و رمز عبور شما :PAEI136', 1, 'ارسال با موفقیت انجام گردید', '2019-03-31 16:08:42', '2019-03-31 16:08:42'),
(16, '30004747470459', '09120924699', 'درخواست جدیدی در سامانه ثبت شد.', 1, 'ارسال با موفقیت انجام گردید', '2019-03-31 16:08:42', '2019-03-31 16:08:42'),
(17, '30004747470459', '09120924699', 'مشترک عزیز با سلام،درخواست شما با موفقیت ثبت گردیدنام کاربری :09120924699و رمز عبور شما :PAEI137', 1, 'ارسال با موفقیت انجام گردید', '2019-03-31 16:10:10', '2019-03-31 16:10:10'),
(18, '30004747470459', '09120924699', 'درخواست جدیدی در سامانه ثبت شد.', 1, 'ارسال با موفقیت انجام گردید', '2019-03-31 16:10:10', '2019-03-31 16:10:10'),
(19, '30004747470459', '09120924699', 'مشترک عزیز با سلام،درخواست شما با موفقیت ثبت گردیدنام کاربری :09120924699و رمز عبور شما :PAEI138شما می توانید با ورود به حساب کاربری خود از وضعیت درخواست خود مطلع شوید', 1, 'ارسال با موفقیت انجام گردید', '2019-03-31 16:42:34', '2019-03-31 16:42:34'),
(20, '30004747470459', '09120924699', 'درخواست جدیدی در سامانه ثبت شد.', 1, 'ارسال با موفقیت انجام گردید', '2019-03-31 16:42:34', '2019-03-31 16:42:34'),
(21, '30004747470459', '09120924699', 'محمدتبریزیعزیزبه باشگاه مشتریان امداد آی تی خوش آمدید جهت استفاده از امکانت و تخفیفات ویژه به حساب کاربری خود در وب سایت ما مراجعه کنیدhttp://emdadit.com', 1, 'ارسال با موفقیت انجام گردید', '2019-03-31 16:42:36', '2019-03-31 16:42:36'),
(22, '30004747470459', '09146660041', 'مشترک عزیز با سلام،درخواست شما با موفقیت ثبت گردیدنام کاربری :09146660041و رمز عبور شما :PAEI139شما می توانید با ورود به حساب کاربری خود از وضعیت درخواست خود مطلع شوید', 1, 'ارسال با موفقیت انجام گردید', '2019-03-31 16:47:51', '2019-03-31 16:47:51'),
(23, '30004747470459', '09120924699', 'درخواست جدیدی در سامانه ثبت شد.', 1, 'ارسال با موفقیت انجام گردید', '2019-03-31 16:47:51', '2019-03-31 16:47:51'),
(24, '30004747470459', '09146660041', 'حسن همتی تیرآبادی عزیزبه باشگاه مشتریان امداد آی تی خوش آمدید جهت استفاده از امکانت و تخفیفات ویژه به حساب کاربری خود در وب سایت ما مراجعه کنیدhttp://emdadit.com', 1, 'ارسال با موفقیت انجام گردید', '2019-03-31 16:47:53', '2019-03-31 16:47:53'),
(25, '30004747470459', '09123196578', 'مشترک عزیز با سلام،درخواست شما با موفقیت ثبت گردیدنام کاربری :09123196578و رمز عبور شما :PAEI140شما می توانید با ورود به حساب کاربری خود از وضعیت درخواست خود مطلع شوید', 1, 'ارسال با موفقیت انجام گردید', '2019-04-01 09:38:26', '2019-04-01 09:38:26'),
(26, '30004747470459', '09120924699', 'درخواست جدیدی در سامانه ثبت شد.', 1, 'ارسال با موفقیت انجام گردید', '2019-04-01 09:38:26', '2019-04-01 09:38:26'),
(27, '30004747470459', '09123196578', 'یوسف شهیدی عزیزبه باشگاه مشتریان امداد آی تی خوش آمدید جهت استفاده از امکانت و تخفیفات ویژه به حساب کاربری خود در وب سایت ما مراجعه کنیدhttp://emdadit.com', 1, 'ارسال با موفقیت انجام گردید', '2019-04-01 09:38:31', '2019-04-01 09:38:31'),
(28, '30004747470459', '09374035603', 'مشترک عزیز با سلام،درخواست شما با موفقیت ثبت گردیدنام کاربری :09374035603و رمز عبور شما :PAEI141شما می توانید با ورود به حساب کاربری خود از وضعیت درخواست خود مطلع شوید', 0, 'را در هدر درخواست ارسال کنید x-sms-ir-secure-token ', '2019-04-18 11:04:58', '2019-04-18 11:04:58'),
(29, '30004747470459', '09120924699', 'درخواست جدیدی در سامانه ثبت شد.', 0, 'را در هدر درخواست ارسال کنید x-sms-ir-secure-token ', '2019-04-18 11:04:58', '2019-04-18 11:04:58'),
(30, '30004747470459', '09374035603', 'مرتضی علیپور عزیزبه باشگاه مشتریان امداد آی تی خوش آمدید جهت استفاده از امکانت و تخفیفات ویژه به حساب کاربری خود در وب سایت ما مراجعه کنیدhttp://emdadit.com', 0, 'را در هدر درخواست ارسال کنید x-sms-ir-secure-token ', '2019-04-18 11:04:59', '2019-04-18 11:04:59'),
(31, '30004747470459', '09120924699', 'مشترک عزیز با سلام،درخواست شما با موفقیت ثبت گردیدنام کاربری :09120924699و رمز عبور شما :PAEI142شما می توانید با ورود به حساب کاربری خود از وضعیت درخواست خود مطلع شوید', 1, 'ارسال با موفقیت انجام گردید', '2019-07-07 18:03:55', '2019-07-07 18:03:55'),
(32, '30004747470459', '09120924699', 'درخواست جدیدی در سامانه ثبت شد.', 1, 'ارسال با موفقیت انجام گردید', '2019-07-07 18:03:55', '2019-07-07 18:03:55'),
(33, '30004747470459', '09120924699', 'محمد تبریزی عزیزبه باشگاه مشتریان امداد آی تی خوش آمدید جهت استفاده از امکانات و تخفیفات ویژه به حساب کاربری خود در وب سایت ما مراجعه کنیدhttp://emdadit.com', 1, 'ارسال با موفقیت انجام گردید', '2019-07-07 18:04:01', '2019-07-07 18:04:01'),
(34, '30004747470459', '09120924699', 'محمد تبریزی عزیز درخواست شما با موفقیت در سامانه ثبت گردید', 1, 'ارسال با موفقیت انجام گردید', '2019-07-07 18:05:43', '2019-07-07 18:05:43'),
(35, '30004747470459', '09120924699', 'محمد تبریزی عزیز درخواست شما با موفقیت در سامانه ثبت گردید', 1, 'ارسال با موفقیت انجام گردید', '2019-07-07 18:05:43', '2019-07-07 18:05:43'),
(36, '30004747470459', '09392071214', 'مشترک عزیز با سلام،درخواست شما با موفقیت ثبت گردیدنام کاربری :09392071214و رمز عبور شما :PAEI144شما می توانید با ورود به حساب کاربری خود از وضعیت درخواست خود مطلع شوید', 1, 'ارسال با موفقیت انجام گردید', '2020-08-11 14:34:05', '2020-08-11 14:34:05'),
(37, '30004747470459', '09120924699', 'درخواست جدیدی در سامانه ثبت شد.', 1, 'ارسال با موفقیت انجام گردید', '2020-08-11 14:34:06', '2020-08-11 14:34:06'),
(38, '30004747470459', '09392071214', 'رومل نظریان عزیزبه باشگاه مشتریان امداد آی تی خوش آمدید جهت استفاده از امکانات و تخفیفات ویژه به حساب کاربری خود در وب سایت ما مراجعه کنیدhttp://emdadit.com', 1, 'ارسال با موفقیت انجام گردید', '2020-08-11 14:34:07', '2020-08-11 14:34:07');

-- --------------------------------------------------------

--
-- Table structure for table `transaction`
--

CREATE TABLE `transaction` (
  `id` int(11) NOT NULL,
  `user_id` int(22) NOT NULL,
  `price` varchar(255) COLLATE utf8_persian_ci NOT NULL,
  `created_at` timestamp NOT NULL DEFAULT CURRENT_TIMESTAMP,
  `updated_at` timestamp NOT NULL DEFAULT '0000-00-00 00:00:00'
) ENGINE=InnoDB DEFAULT CHARSET=utf8 COLLATE=utf8_persian_ci;

--
-- Dumping data for table `transaction`
--

INSERT INTO `transaction` (`id`, `user_id`, `price`, `created_at`, `updated_at`) VALUES
(1, 24, '3.000.000', '2020-11-02 15:42:52', '0000-00-00 00:00:00'),
(2, 24, '4.555.000', '2020-11-02 15:42:52', '0000-00-00 00:00:00');

-- --------------------------------------------------------

--
-- Table structure for table `users`
--

CREATE TABLE `users` (
  `id` int(11) NOT NULL,
  `name` varchar(255) NOT NULL,
  `lastname` varchar(255) DEFAULT NULL,
  `password` varchar(255) DEFAULT NULL,
  `email` varchar(255) DEFAULT NULL,
  `mobile` varchar(11) NOT NULL,
  `phone` varchar(255) CHARACTER SET utf8 COLLATE utf8_persian_ci DEFAULT NULL,
  `points` int(10) DEFAULT '0',
  `newsletters` tinyint(1) NOT NULL DEFAULT '1',
  `nameplace` varchar(255) DEFAULT NULL,
  `state` varchar(255) DEFAULT NULL,
  `city` varchar(255) DEFAULT NULL,
  `postalcode` varchar(10) DEFAULT NULL,
  `address1` varchar(255) DEFAULT NULL,
  `address2` varchar(255) DEFAULT NULL,
  `CREATED_AT` timestamp NOT NULL DEFAULT CURRENT_TIMESTAMP ON UPDATE CURRENT_TIMESTAMP,
  `remember_token` varchar(255) DEFAULT NULL,
  `UPDATED_AT` timestamp NOT NULL DEFAULT '0000-00-00 00:00:00',
  `userpicture` varchar(255) NOT NULL DEFAULT 'def.png',
  `wallet_status` int(1) NOT NULL DEFAULT '0',
  `wallet` varchar(255) CHARACTER SET utf8 COLLATE utf8_persian_ci NOT NULL DEFAULT '0'
) ENGINE=InnoDB DEFAULT CHARSET=utf8;

--
-- Dumping data for table `users`
--

INSERT INTO `users` (`id`, `name`, `lastname`, `password`, `email`, `mobile`, `phone`, `points`, `newsletters`, `nameplace`, `state`, `city`, `postalcode`, `address1`, `address2`, `CREATED_AT`, `remember_token`, `UPDATED_AT`, `userpicture`, `wallet_status`, `wallet`) VALUES
(17, 'محمد', 'تبریزی', '$2y$10$ZRwr07V4Ed7vJHcXfd13uOmk/Eabl3YAC3V1w1IqtuL9NfhWF2Gw2', NULL, '09120332533', '', 0, 1, '', '', '', '', '', '', '2019-03-16 16:58:19', NULL, '2019-03-16 16:58:19', 'def.png', 0, '0'),
(24, 'محمد', 'تبریزی', '$2y$10$6wkJCGs5OeUDVXydHGvMAenbrc6zjwgjQXL40J5AUx/a1eU3cr6wy', 'mohammad.gh.tabrizi@gmail.com', '09120924699', '04133362603', 255, 1, NULL, 'آذربایجان شرقی', 'تبریز', '1234567890', 'خیابان امام خمینی - میدان قطب- کوچه علیپور - پلاک 13', NULL, '2020-11-16 14:31:01', 't83dqTJ5GuB9RoUAQXw4Wgzg0jOj7nIS39Pc7DUkZMIYf0ijkJV2O68JcTPM', '2020-11-07 11:08:14', 'def.png', 1, '25.865.000'),
(25, 'رومل', 'نظریان', '$2y$10$05FnPHT7y8Zdfo2drqU1Yuk/rIert0B/at6/.05quH9RZSEFIbfEq', NULL, '09392071214', '', 150, 1, NULL, NULL, NULL, NULL, NULL, NULL, '2020-08-11 14:34:02', NULL, '2020-08-11 14:34:02', 'def.png', 0, '0'),
(26, 'امیررضا', 'سید حسنلویی', NULL, NULL, '09370259759', NULL, 0, 1, NULL, NULL, NULL, NULL, NULL, NULL, '2020-11-10 11:45:49', NULL, '2020-11-10 11:45:49', 'def.png', 0, '0'),
(27, 'امیررضا', 'سید حسنلویی', NULL, NULL, '09307346595', NULL, 0, 1, NULL, NULL, NULL, NULL, NULL, NULL, '2020-11-10 11:50:11', NULL, '2020-11-10 11:50:11', 'def.png', 0, '0'),
(28, 'امیررضا', 'سید حسنلویی', NULL, NULL, '09120922222', NULL, 0, 1, NULL, NULL, NULL, NULL, NULL, NULL, '2020-11-10 11:56:37', NULL, '2020-11-10 11:56:37', 'def.png', 0, '0'),
(29, 'امیررضا', 'سید حسنلویی', NULL, NULL, '09120923333', NULL, 0, 1, NULL, NULL, NULL, NULL, NULL, NULL, '2020-11-10 11:57:26', NULL, '2020-11-10 11:57:26', 'def.png', 0, '0'),
(30, 'امیررضا', 'سید حسنلویی', NULL, NULL, '09120921111', NULL, 0, 1, NULL, NULL, NULL, NULL, NULL, NULL, '2020-11-10 11:58:37', NULL, '2020-11-10 11:58:37', 'def.png', 0, '0'),
(31, 'امیررضا', 'سید حسنلویی', NULL, NULL, '09120924444', NULL, 0, 1, NULL, NULL, NULL, NULL, NULL, NULL, '2020-11-10 12:00:54', NULL, '2020-11-10 12:00:54', 'def.png', 0, '0'),
(32, 'امیررضا', 'سید حسنلویی', NULL, NULL, '09120925555', NULL, 0, 1, NULL, NULL, NULL, NULL, NULL, NULL, '2020-11-10 12:02:39', NULL, '2020-11-10 12:02:39', 'def.png', 0, '0'),
(33, 'امیررضا', 'سید حسنلویی', NULL, NULL, '09120920000', NULL, 0, 1, NULL, NULL, NULL, NULL, NULL, NULL, '2020-11-10 12:14:05', NULL, '2020-11-10 12:14:05', 'def.png', 0, '0'),
(34, 'mohammad', 'tabriziaa', NULL, NULL, '09120929999', NULL, 0, 1, NULL, NULL, NULL, NULL, NULL, NULL, '2020-11-11 03:44:32', NULL, '2020-11-11 03:44:32', 'def.png', 0, '0'),
(35, 'mohammadght', 'سید حسنلویی', NULL, NULL, '09121231212', NULL, 0, 1, NULL, NULL, NULL, NULL, NULL, NULL, '2020-11-11 04:27:48', NULL, '2020-11-11 04:27:48', 'def.png', 0, '0'),
(36, 'mohammadght', 'سید حسنلویی', NULL, NULL, '09124445566', NULL, 0, 1, NULL, NULL, NULL, NULL, NULL, NULL, '2020-11-11 04:28:37', NULL, '2020-11-11 04:28:37', 'def.png', 0, '0'),
(37, 'sadsadas', 'asdasdas', NULL, NULL, '00000000000', NULL, 0, 1, NULL, NULL, NULL, NULL, NULL, NULL, '2020-11-11 05:07:33', NULL, '2020-11-11 05:07:33', 'def.png', 0, '0'),
(38, 'mohammadght', 'سید حسنلویی', NULL, NULL, '00101032215', NULL, 0, 1, NULL, NULL, NULL, NULL, NULL, NULL, '2020-11-11 05:10:39', NULL, '2020-11-11 05:10:39', 'def.png', 0, '0'),
(39, 'mohammadght', 'سید حسنلویی', NULL, NULL, '09112334455', NULL, 0, 1, NULL, NULL, NULL, NULL, NULL, NULL, '2020-11-15 09:20:59', NULL, '2020-11-15 09:20:59', 'def.png', 0, '0');

-- --------------------------------------------------------

--
-- Table structure for table `users_verification`
--

CREATE TABLE `users_verification` (
  `id` int(22) NOT NULL,
  `user_id` int(22) NOT NULL,
  `code` varchar(6) COLLATE utf8_persian_ci NOT NULL,
  `expireat` datetime NOT NULL,
  `count` int(1) NOT NULL DEFAULT '1',
  `created_at` timestamp NOT NULL DEFAULT CURRENT_TIMESTAMP,
  `updated_at` timestamp NOT NULL DEFAULT '0000-00-00 00:00:00'
) ENGINE=InnoDB DEFAULT CHARSET=utf8 COLLATE=utf8_persian_ci;

--
-- Dumping data for table `users_verification`
--

INSERT INTO `users_verification` (`id`, `user_id`, `code`, `expireat`, `count`, `created_at`, `updated_at`) VALUES
(1, 24, '123456', '2020-11-10 08:10:05', 1, '2020-11-10 04:38:05', '2020-11-10 04:38:05'),
(2, 24, '123456', '2020-11-10 08:12:40', 1, '2020-11-10 04:40:40', '2020-11-10 04:40:40'),
(3, 24, '123456', '2020-11-10 08:13:02', 1, '2020-11-10 04:41:02', '2020-11-10 04:41:02'),
(4, 24, '123456', '2020-11-10 08:13:37', 1, '2020-11-10 04:41:37', '2020-11-10 04:41:37'),
(5, 24, '123456', '2020-11-10 08:19:14', 1, '2020-11-10 04:47:14', '2020-11-10 04:47:14'),
(6, 24, '123456', '2020-11-10 08:24:34', 1, '2020-11-10 04:52:34', '2020-11-10 04:52:34'),
(7, 24, '123456', '2020-11-10 08:25:19', 1, '2020-11-10 04:53:19', '2020-11-10 04:53:19'),
(8, 24, '123456', '2020-11-10 08:30:43', 1, '2020-11-10 04:58:43', '2020-11-10 04:58:43'),
(9, 24, '123456', '2020-11-10 08:31:03', 1, '2020-11-10 04:59:03', '2020-11-10 04:59:03'),
(10, 24, '123456', '2020-11-10 08:32:11', 1, '2020-11-10 05:00:11', '2020-11-10 05:00:11'),
(11, 24, '123456', '2020-11-10 08:36:01', 1, '2020-11-10 05:04:01', '2020-11-10 05:04:01'),
(12, 24, '123456', '2020-11-10 12:50:56', 1, '2020-11-10 09:18:56', '2020-11-10 09:18:56'),
(13, 24, '123456', '2020-11-10 12:54:30', 1, '2020-11-10 09:22:30', '2020-11-10 09:22:30'),
(14, 24, '123456', '2020-11-10 13:13:25', 1, '2020-11-10 09:41:25', '2020-11-10 09:41:25'),
(15, 24, '123456', '2020-11-10 13:15:02', 1, '2020-11-10 09:43:02', '2020-11-10 09:43:02'),
(16, 24, '123456', '2020-11-10 13:18:40', 2, '2020-11-10 09:46:40', '2020-11-10 09:47:53'),
(18, 30, '123456', '2020-11-10 15:30:38', 1, '2020-11-10 11:58:38', '2020-11-10 11:58:38'),
(19, 31, '123456', '2020-11-10 15:32:55', 1, '2020-11-10 12:00:55', '2020-11-10 12:00:55'),
(20, 32, '123456', '2020-11-10 15:34:39', 1, '2020-11-10 12:02:39', '2020-11-10 12:02:39'),
(21, 33, '123456', '2020-11-10 15:46:05', 1, '2020-11-10 12:14:05', '2020-11-10 12:14:05'),
(22, 24, '123456', '2020-11-10 16:06:01', 3, '2020-11-10 12:34:01', '2020-11-10 12:35:17'),
(23, 24, '123456', '2020-11-10 16:08:32', 2, '2020-11-10 12:36:32', '2020-11-10 12:37:03'),
(24, 24, '123456', '2020-11-10 16:12:30', 2, '2020-11-10 12:40:30', '2020-11-10 12:42:19'),
(25, 24, '123456', '2020-11-10 17:00:01', 2, '2020-11-10 13:28:01', '2020-11-10 13:29:10'),
(26, 24, '123456', '2020-11-10 17:18:35', 1, '2020-11-10 13:46:35', '2020-11-10 13:46:35'),
(27, 24, '123456', '2020-11-10 17:30:09', 1, '2020-11-10 13:58:09', '2020-11-10 13:58:09'),
(28, 24, '123456', '2020-11-10 17:34:17', 1, '2020-11-10 14:02:17', '2020-11-10 14:02:17'),
(29, 24, '123456', '2020-11-10 17:36:58', 2, '2020-11-10 14:04:58', '2020-11-10 14:05:25'),
(30, 24, '123456', '2020-11-10 17:40:34', 2, '2020-11-10 14:08:34', '2020-11-10 14:09:30'),
(31, 24, '123456', '2020-11-10 17:42:38', 2, '2020-11-10 14:10:38', '2020-11-10 14:11:55'),
(32, 24, '123456', '2020-11-10 17:46:21', 2, '2020-11-10 14:14:21', '2020-11-10 14:15:41'),
(33, 24, '123456', '2020-11-10 17:54:14', 1, '2020-11-10 14:22:14', '2020-11-10 14:22:14'),
(34, 27, '123456', '2020-11-11 07:15:17', 1, '2020-11-11 03:43:17', '2020-11-11 03:43:17'),
(35, 34, '123456', '2020-11-11 07:16:32', 2, '2020-11-11 03:44:32', '2020-11-11 03:44:46'),
(36, 24, '123456', '2020-11-11 07:53:55', 1, '2020-11-11 04:21:55', '2020-11-11 04:21:55'),
(37, 35, '123456', '2020-11-11 07:59:48', 1, '2020-11-11 04:27:48', '2020-11-11 04:27:48'),
(38, 36, '123456', '2020-11-11 08:00:37', 2, '2020-11-11 04:28:37', '2020-11-11 04:29:35'),
(39, 36, '123456', '2020-11-11 08:30:26', 1, '2020-11-11 04:58:26', '2020-11-11 04:58:26'),
(40, 37, '123456', '2020-11-11 08:39:33', 1, '2020-11-11 05:07:33', '2020-11-11 05:07:33'),
(41, 38, '123456', '2020-11-11 08:42:39', 1, '2020-11-11 05:10:39', '2020-11-11 05:10:39'),
(42, 24, '123456', '2020-11-11 09:03:53', 1, '2020-11-11 05:31:53', '2020-11-11 05:31:53'),
(43, 24, '123456', '2020-11-11 10:57:57', 1, '2020-11-11 07:25:57', '2020-11-11 07:25:57'),
(44, 24, '123456', '2020-11-11 14:41:51', 1, '2020-11-11 11:09:51', '2020-11-11 11:09:51'),
(45, 24, '123456', '2020-11-12 09:11:32', 1, '2020-11-12 05:39:32', '2020-11-12 05:39:32'),
(46, 24, '123456', '2020-11-12 10:26:55', 1, '2020-11-12 06:54:55', '2020-11-12 06:54:55'),
(47, 24, '123456', '2020-11-12 13:19:23', 1, '2020-11-12 09:47:23', '2020-11-12 09:47:23'),
(48, 24, '123456', '2020-11-14 10:31:42', 1, '2020-11-14 06:59:42', '2020-11-14 06:59:42'),
(49, 24, '123456', '2020-11-15 07:03:57', 1, '2020-11-15 03:31:57', '2020-11-15 03:31:57'),
(50, 24, '123456', '2020-11-15 10:18:33', 1, '2020-11-15 06:46:33', '2020-11-15 06:46:33'),
(51, 24, '123456', '2020-11-15 12:51:59', 1, '2020-11-15 09:19:59', '2020-11-15 09:19:59'),
(52, 39, '123456', '2020-11-15 12:53:00', 1, '2020-11-15 09:21:00', '2020-11-15 09:21:00'),
(53, 24, '123456', '2020-11-15 12:55:57', 1, '2020-11-15 09:23:57', '2020-11-15 09:23:57'),
(54, 24, '123456', '2020-11-16 06:37:26', 1, '2020-11-16 03:05:26', '2020-11-16 03:05:26'),
(55, 24, '123456', '2020-11-16 11:41:12', 1, '2020-11-16 08:09:12', '2020-11-16 08:09:12'),
(56, 24, '123456', '2020-11-16 12:59:30', 1, '2020-11-16 09:27:30', '2020-11-16 09:27:30'),
(57, 24, '123456', '2020-11-16 14:34:02', 1, '2020-11-16 11:02:02', '2020-11-16 11:02:02'),
(58, 24, '123456', '2020-11-17 06:39:42', 1, '2020-11-17 03:07:42', '2020-11-17 03:07:42');

--
-- Indexes for dumped tables
--

--
-- Indexes for table `activity`
--
ALTER TABLE `activity`
  ADD PRIMARY KEY (`id`);

--
-- Indexes for table `admins`
--
ALTER TABLE `admins`
  ADD PRIMARY KEY (`id`),
  ADD UNIQUE KEY `email` (`email`),
  ADD UNIQUE KEY `username` (`username`),
  ADD UNIQUE KEY `mobile` (`mobile`);

--
-- Indexes for table `blog_category`
--
ALTER TABLE `blog_category`
  ADD PRIMARY KEY (`id`);

--
-- Indexes for table `blog_comment`
--
ALTER TABLE `blog_comment`
  ADD PRIMARY KEY (`idcomment`);

--
-- Indexes for table `blog_files`
--
ALTER TABLE `blog_files`
  ADD PRIMARY KEY (`id`);

--
-- Indexes for table `blog_post`
--
ALTER TABLE `blog_post`
  ADD PRIMARY KEY (`id`);

--
-- Indexes for table `me_request`
--
ALTER TABLE `me_request`
  ADD PRIMARY KEY (`id`);

--
-- Indexes for table `migrations`
--
ALTER TABLE `migrations`
  ADD PRIMARY KEY (`id`);

--
-- Indexes for table `password_resets`
--
ALTER TABLE `password_resets`
  ADD PRIMARY KEY (`id`),
  ADD KEY `email` (`email`);

--
-- Indexes for table `products`
--
ALTER TABLE `products`
  ADD UNIQUE KEY `id` (`id`);

--
-- Indexes for table `product_brands`
--
ALTER TABLE `product_brands`
  ADD PRIMARY KEY (`id`),
  ADD UNIQUE KEY `id` (`id`);

--
-- Indexes for table `product_cart`
--
ALTER TABLE `product_cart`
  ADD PRIMARY KEY (`pc_id`);

--
-- Indexes for table `product_category`
--
ALTER TABLE `product_category`
  ADD UNIQUE KEY `id` (`id`);

--
-- Indexes for table `product_colors`
--
ALTER TABLE `product_colors`
  ADD PRIMARY KEY (`id`);

--
-- Indexes for table `product_images`
--
ALTER TABLE `product_images`
  ADD PRIMARY KEY (`id`),
  ADD UNIQUE KEY `id` (`id`);

--
-- Indexes for table `product_orders`
--
ALTER TABLE `product_orders`
  ADD PRIMARY KEY (`po_id`);

--
-- Indexes for table `product_orders_relation`
--
ALTER TABLE `product_orders_relation`
  ADD PRIMARY KEY (`por_id`),
  ADD UNIQUE KEY `por_id` (`por_id`);

--
-- Indexes for table `product_prices`
--
ALTER TABLE `product_prices`
  ADD UNIQUE KEY `id` (`id`);

--
-- Indexes for table `product_property_key`
--
ALTER TABLE `product_property_key`
  ADD UNIQUE KEY `id` (`id`);

--
-- Indexes for table `product_property_value`
--
ALTER TABLE `product_property_value`
  ADD UNIQUE KEY `id` (`id`);

--
-- Indexes for table `smsirlaravel_logs`
--
ALTER TABLE `smsirlaravel_logs`
  ADD PRIMARY KEY (`id`);

--
-- Indexes for table `transaction`
--
ALTER TABLE `transaction`
  ADD PRIMARY KEY (`id`);

--
-- Indexes for table `users`
--
ALTER TABLE `users`
  ADD PRIMARY KEY (`id`),
  ADD UNIQUE KEY `mobile` (`mobile`),
  ADD UNIQUE KEY `email` (`email`);

--
-- Indexes for table `users_verification`
--
ALTER TABLE `users_verification`
  ADD PRIMARY KEY (`id`);

--
-- AUTO_INCREMENT for dumped tables
--

--
-- AUTO_INCREMENT for table `activity`
--
ALTER TABLE `activity`
  MODIFY `id` int(11) NOT NULL AUTO_INCREMENT, AUTO_INCREMENT=11;

--
-- AUTO_INCREMENT for table `admins`
--
ALTER TABLE `admins`
  MODIFY `id` int(11) NOT NULL AUTO_INCREMENT, AUTO_INCREMENT=2;

--
-- AUTO_INCREMENT for table `blog_category`
--
ALTER TABLE `blog_category`
  MODIFY `id` int(11) NOT NULL AUTO_INCREMENT, AUTO_INCREMENT=7;

--
-- AUTO_INCREMENT for table `blog_comment`
--
ALTER TABLE `blog_comment`
  MODIFY `idcomment` int(11) NOT NULL AUTO_INCREMENT, AUTO_INCREMENT=29;

--
-- AUTO_INCREMENT for table `blog_files`
--
ALTER TABLE `blog_files`
  MODIFY `id` int(11) NOT NULL AUTO_INCREMENT, AUTO_INCREMENT=14;

--
-- AUTO_INCREMENT for table `blog_post`
--
ALTER TABLE `blog_post`
  MODIFY `id` int(11) NOT NULL AUTO_INCREMENT, AUTO_INCREMENT=12;

--
-- AUTO_INCREMENT for table `me_request`
--
ALTER TABLE `me_request`
  MODIFY `id` int(11) NOT NULL AUTO_INCREMENT, AUTO_INCREMENT=200;

--
-- AUTO_INCREMENT for table `migrations`
--
ALTER TABLE `migrations`
  MODIFY `id` int(10) UNSIGNED NOT NULL AUTO_INCREMENT, AUTO_INCREMENT=2;

--
-- AUTO_INCREMENT for table `password_resets`
--
ALTER TABLE `password_resets`
  MODIFY `id` int(11) NOT NULL AUTO_INCREMENT;

--
-- AUTO_INCREMENT for table `products`
--
ALTER TABLE `products`
  MODIFY `id` bigint(20) NOT NULL AUTO_INCREMENT, AUTO_INCREMENT=36;

--
-- AUTO_INCREMENT for table `product_brands`
--
ALTER TABLE `product_brands`
  MODIFY `id` int(20) NOT NULL AUTO_INCREMENT, AUTO_INCREMENT=6;

--
-- AUTO_INCREMENT for table `product_cart`
--
ALTER TABLE `product_cart`
  MODIFY `pc_id` int(11) NOT NULL AUTO_INCREMENT, AUTO_INCREMENT=47;

--
-- AUTO_INCREMENT for table `product_category`
--
ALTER TABLE `product_category`
  MODIFY `id` int(20) NOT NULL AUTO_INCREMENT, AUTO_INCREMENT=12;

--
-- AUTO_INCREMENT for table `product_colors`
--
ALTER TABLE `product_colors`
  MODIFY `id` int(22) NOT NULL AUTO_INCREMENT;

--
-- AUTO_INCREMENT for table `product_images`
--
ALTER TABLE `product_images`
  MODIFY `id` int(11) NOT NULL AUTO_INCREMENT, AUTO_INCREMENT=39;

--
-- AUTO_INCREMENT for table `product_orders`
--
ALTER TABLE `product_orders`
  MODIFY `po_id` bigint(20) NOT NULL AUTO_INCREMENT;

--
-- AUTO_INCREMENT for table `product_orders_relation`
--
ALTER TABLE `product_orders_relation`
  MODIFY `por_id` int(22) NOT NULL AUTO_INCREMENT;

--
-- AUTO_INCREMENT for table `product_prices`
--
ALTER TABLE `product_prices`
  MODIFY `id` bigint(20) NOT NULL AUTO_INCREMENT, AUTO_INCREMENT=52;

--
-- AUTO_INCREMENT for table `product_property_key`
--
ALTER TABLE `product_property_key`
  MODIFY `id` bigint(20) NOT NULL AUTO_INCREMENT, AUTO_INCREMENT=18;

--
-- AUTO_INCREMENT for table `product_property_value`
--
ALTER TABLE `product_property_value`
  MODIFY `id` bigint(20) NOT NULL AUTO_INCREMENT, AUTO_INCREMENT=13;

--
-- AUTO_INCREMENT for table `smsirlaravel_logs`
--
ALTER TABLE `smsirlaravel_logs`
  MODIFY `id` int(10) UNSIGNED NOT NULL AUTO_INCREMENT, AUTO_INCREMENT=39;

--
-- AUTO_INCREMENT for table `transaction`
--
ALTER TABLE `transaction`
  MODIFY `id` int(11) NOT NULL AUTO_INCREMENT, AUTO_INCREMENT=3;

--
-- AUTO_INCREMENT for table `users`
--
ALTER TABLE `users`
  MODIFY `id` int(11) NOT NULL AUTO_INCREMENT, AUTO_INCREMENT=40;

--
-- AUTO_INCREMENT for table `users_verification`
--
ALTER TABLE `users_verification`
  MODIFY `id` int(22) NOT NULL AUTO_INCREMENT, AUTO_INCREMENT=59;
COMMIT;

/*!40101 SET CHARACTER_SET_CLIENT=@OLD_CHARACTER_SET_CLIENT */;
/*!40101 SET CHARACTER_SET_RESULTS=@OLD_CHARACTER_SET_RESULTS */;
/*!40101 SET COLLATION_CONNECTION=@OLD_COLLATION_CONNECTION */;
